symbol,date,price
RSXFSN,1992-01-01,130683
RSXFSN,1992-02-01,131244
RSXFSN,1992-03-01,142488
RSXFSN,1992-04-01,147175
RSXFSN,1992-05-01,152420
RSXFSN,1992-06-01,151849
RSXFSN,1992-07-01,152586
RSXFSN,1992-08-01,152476
RSXFSN,1992-09-01,148158
RSXFSN,1992-10-01,155987
RSXFSN,1992-11-01,154824
RSXFSN,1992-12-01,191347
RSXFSN,1993-01-01,137020
RSXFSN,1993-02-01,134462
RSXFSN,1993-03-01,153025
RSXFSN,1993-04-01,158615
RSXFSN,1993-05-01,163519
RSXFSN,1993-06-01,162964
RSXFSN,1993-07-01,164590
RSXFSN,1993-08-01,163989
RSXFSN,1993-09-01,159298
RSXFSN,1993-10-01,163992
RSXFSN,1993-11-01,169980
RSXFSN,1993-12-01,206174
RSXFSN,1994-01-01,145276
RSXFSN,1994-02-01,146332
RSXFSN,1994-03-01,173562
RSXFSN,1994-04-01,170795
RSXFSN,1994-05-01,175527
RSXFSN,1994-06-01,178509
RSXFSN,1994-07-01,173198
RSXFSN,1994-08-01,182445
RSXFSN,1994-09-01,175128
RSXFSN,1994-10-01,178642
RSXFSN,1994-11-01,184272
RSXFSN,1994-12-01,221549
RSXFSN,1995-01-01,158004
RSXFSN,1995-02-01,155156
RSXFSN,1995-03-01,181910
RSXFSN,1995-04-01,176635
RSXFSN,1995-05-01,190269
RSXFSN,1995-06-01,191609
RSXFSN,1995-07-01,182909
RSXFSN,1995-08-01,193370
RSXFSN,1995-09-01,182521
RSXFSN,1995-10-01,184276
RSXFSN,1995-11-01,193405
RSXFSN,1995-12-01,227552
RSXFSN,1996-01-01,167372
RSXFSN,1996-02-01,173941
RSXFSN,1996-03-01,191851
RSXFSN,1996-04-01,191886
RSXFSN,1996-05-01,205797
RSXFSN,1996-06-01,196842
RSXFSN,1996-07-01,197140
RSXFSN,1996-08-01,204270
RSXFSN,1996-09-01,189424
RSXFSN,1996-10-01,201927
RSXFSN,1996-11-01,203621
RSXFSN,1996-12-01,237478
RSXFSN,1997-01-01,181073
RSXFSN,1997-02-01,178428
RSXFSN,1997-03-01,203750
RSXFSN,1997-04-01,199219
RSXFSN,1997-05-01,211516
RSXFSN,1997-06-01,205491
RSXFSN,1997-07-01,208856
RSXFSN,1997-08-01,211952
RSXFSN,1997-09-01,201415
RSXFSN,1997-10-01,210145
RSXFSN,1997-11-01,207533
RSXFSN,1997-12-01,249389
RSXFSN,1998-01-01,187445
RSXFSN,1998-02-01,183767
RSXFSN,1998-03-01,207973
RSXFSN,1998-04-01,212262
RSXFSN,1998-05-01,221155
RSXFSN,1998-06-01,220867
RSXFSN,1998-07-01,217687
RSXFSN,1998-08-01,216605
RSXFSN,1998-09-01,208915
RSXFSN,1998-10-01,220499
RSXFSN,1998-11-01,218969
RSXFSN,1998-12-01,265618
RSXFSN,1999-01-01,196810
RSXFSN,1999-02-01,199451
RSXFSN,1999-03-01,230230
RSXFSN,1999-04-01,227109
RSXFSN,1999-05-01,237462
RSXFSN,1999-06-01,236830
RSXFSN,1999-07-01,236992
RSXFSN,1999-08-01,240478
RSXFSN,1999-09-01,230665
RSXFSN,1999-10-01,233193
RSXFSN,1999-11-01,240857
RSXFSN,1999-12-01,293013
RSXFSN,2000-01-01,213709
RSXFSN,2000-02-01,227087
RSXFSN,2000-03-01,253717
RSXFSN,2000-04-01,239051
RSXFSN,2000-05-01,257581
RSXFSN,2000-06-01,255066
RSXFSN,2000-07-01,244445
RSXFSN,2000-08-01,257487
RSXFSN,2000-09-01,243624
RSXFSN,2000-10-01,245167
RSXFSN,2000-11-01,252145
RSXFSN,2000-12-01,294197
RSXFSN,2001-01-01,226791
RSXFSN,2001-02-01,223971
RSXFSN,2001-03-01,253439
RSXFSN,2001-04-01,249062
RSXFSN,2001-05-01,268658
RSXFSN,2001-06-01,260315
RSXFSN,2001-07-01,251504
RSXFSN,2001-08-01,266460
RSXFSN,2001-09-01,236210
RSXFSN,2001-10-01,265188
RSXFSN,2001-11-01,262004
RSXFSN,2001-12-01,298666
RSXFSN,2002-01-01,230546
RSXFSN,2002-02-01,228084
RSXFSN,2002-03-01,257133
RSXFSN,2002-04-01,257357
RSXFSN,2002-05-01,271682
RSXFSN,2002-06-01,260385
RSXFSN,2002-07-01,266795
RSXFSN,2002-08-01,277716
RSXFSN,2002-09-01,246350
RSXFSN,2002-10-01,259945
RSXFSN,2002-11-01,263738
RSXFSN,2002-12-01,308821
RSXFSN,2003-01-01,242271
RSXFSN,2003-02-01,233478
RSXFSN,2003-03-01,264532
RSXFSN,2003-04-01,265990
RSXFSN,2003-05-01,281482
RSXFSN,2003-06-01,271242
RSXFSN,2003-07-01,279323
RSXFSN,2003-08-01,285212
RSXFSN,2003-09-01,265331
RSXFSN,2003-10-01,273781
RSXFSN,2003-11-01,272396
RSXFSN,2003-12-01,327693
RSXFSN,2004-01-01,252818
RSXFSN,2004-02-01,253689
RSXFSN,2004-03-01,287944
RSXFSN,2004-04-01,284325
RSXFSN,2004-05-01,296253
RSXFSN,2004-06-01,289664
RSXFSN,2004-07-01,294875
RSXFSN,2004-08-01,294133
RSXFSN,2004-09-01,282974
RSXFSN,2004-10-01,287468
RSXFSN,2004-11-01,294278
RSXFSN,2004-12-01,354627
RSXFSN,2005-01-01,263469
RSXFSN,2005-02-01,265320
RSXFSN,2005-03-01,306384
RSXFSN,2005-04-01,302054
RSXFSN,2005-05-01,311292
RSXFSN,2005-06-01,317375
RSXFSN,2005-07-01,316887
RSXFSN,2005-08-01,321409
RSXFSN,2005-09-01,300439
RSXFSN,2005-10-01,302213
RSXFSN,2005-11-01,311715
RSXFSN,2005-12-01,370726
RSXFSN,2006-01-01,286152
RSXFSN,2006-02-01,282417
RSXFSN,2006-03-01,326153
RSXFSN,2006-04-01,316526
RSXFSN,2006-05-01,337393
RSXFSN,2006-06-01,330844
RSXFSN,2006-07-01,325905
RSXFSN,2006-08-01,339155
RSXFSN,2006-09-01,310775
RSXFSN,2006-10-01,312976
RSXFSN,2006-11-01,323089
RSXFSN,2006-12-01,380188
RSXFSN,2007-01-01,295284
RSXFSN,2007-02-01,290065
RSXFSN,2007-03-01,335917
RSXFSN,2007-04-01,321981
RSXFSN,2007-05-01,353201
RSXFSN,2007-06-01,338189
RSXFSN,2007-07-01,333815
RSXFSN,2007-08-01,349191
RSXFSN,2007-09-01,317145
RSXFSN,2007-10-01,331073
RSXFSN,2007-11-01,341848
RSXFSN,2007-12-01,387473
RSXFSN,2008-01-01,307576
RSXFSN,2008-02-01,308171
RSXFSN,2008-03-01,334416
RSXFSN,2008-04-01,331002
RSXFSN,2008-05-01,357277
RSXFSN,2008-06-01,339791
RSXFSN,2008-07-01,344158
RSXFSN,2008-08-01,342443
RSXFSN,2008-09-01,313308
RSXFSN,2008-10-01,311422
RSXFSN,2008-11-01,299238
RSXFSN,2008-12-01,346513
RSXFSN,2009-01-01,273998
RSXFSN,2009-02-01,264465
RSXFSN,2009-03-01,290068
RSXFSN,2009-04-01,292041
RSXFSN,2009-05-01,307481
RSXFSN,2009-06-01,306050
RSXFSN,2009-07-01,308847
RSXFSN,2009-08-01,314505
RSXFSN,2009-09-01,288071
RSXFSN,2009-10-01,300360
RSXFSN,2009-11-01,303850
RSXFSN,2009-12-01,362735
RSXFSN,2010-01-01,279044
RSXFSN,2010-02-01,275566
RSXFSN,2010-03-01,321305
RSXFSN,2010-04-01,316940
RSXFSN,2010-05-01,324820
RSXFSN,2010-06-01,319183
RSXFSN,2010-07-01,320915
RSXFSN,2010-08-01,322319
RSXFSN,2010-09-01,307638
RSXFSN,2010-10-01,315059
RSXFSN,2010-11-01,328381
RSXFSN,2010-12-01,386878
RSXFSN,2011-01-01,298626
RSXFSN,2011-02-01,299920
RSXFSN,2011-03-01,345052
RSXFSN,2011-04-01,339014
RSXFSN,2011-05-01,348979
RSXFSN,2011-06-01,346620
RSXFSN,2011-07-01,341381
RSXFSN,2011-08-01,352224
RSXFSN,2011-09-01,333642
RSXFSN,2011-10-01,337067
RSXFSN,2011-11-01,351517
RSXFSN,2011-12-01,408910
RSXFSN,2012-01-01,315540
RSXFSN,2012-02-01,331470
RSXFSN,2012-03-01,368502
RSXFSN,2012-04-01,349194
RSXFSN,2012-05-01,373129
RSXFSN,2012-06-01,356083
RSXFSN,2012-07-01,351520
RSXFSN,2012-08-01,372986
RSXFSN,2012-09-01,342582
RSXFSN,2012-10-01,355823
RSXFSN,2012-11-01,368593
RSXFSN,2012-12-01,416807
RSXFSN,2013-01-01,333789
RSXFSN,2013-02-01,332491
RSXFSN,2013-03-01,374155
RSXFSN,2013-04-01,362984
RSXFSN,2013-05-01,389700
RSXFSN,2013-06-01,369274
RSXFSN,2013-07-01,376928
RSXFSN,2013-08-01,388112
RSXFSN,2013-09-01,352560
RSXFSN,2013-10-01,369638
RSXFSN,2013-11-01,378498
RSXFSN,2013-12-01,430321
RSXFSN,2014-01-01,340122
RSXFSN,2014-02-01,337129
RSXFSN,2014-03-01,383241
RSXFSN,2014-04-01,383688
RSXFSN,2014-05-01,408177
RSXFSN,2014-06-01,385387
RSXFSN,2014-07-01,394591
RSXFSN,2014-08-01,401280
RSXFSN,2014-09-01,374354
RSXFSN,2014-10-01,388322
RSXFSN,2014-11-01,391551
RSXFSN,2014-12-01,451598
RSXFSN,2015-01-01,350067
RSXFSN,2015-02-01,341459
RSXFSN,2015-03-01,392848
RSXFSN,2015-04-01,387352
RSXFSN,2015-05-01,409376
RSXFSN,2015-06-01,397752
RSXFSN,2015-07-01,406393
RSXFSN,2015-08-01,404729
RSXFSN,2015-09-01,382020
RSXFSN,2015-10-01,392545
RSXFSN,2015-11-01,396490
RSXFSN,2015-12-01,464962
RSXFSN,2016-01-01,351931
RSXFSN,2016-02-01,363688
RSXFSN,2016-03-01,405312
RSXFSN,2016-04-01,395099
RSXFSN,2016-05-01,413410
RSXFSN,2016-06-01,410449
RSXFSN,2016-07-01,406195
RSXFSN,2016-08-01,416863
RSXFSN,2016-09-01,394600
RSXFSN,2016-10-01,397627
RSXFSN,2016-11-01,414703
RSXFSN,2016-12-01,483081
RSXFSN,2017-01-01,369241
RSXFSN,2017-02-01,365865
RSXFSN,2017-03-01,423634
RSXFSN,2017-04-01,408175
RSXFSN,2017-05-01,435790
RSXFSN,2017-06-01,424415
RSXFSN,2017-07-01,418069
RSXFSN,2017-08-01,433057
RSXFSN,2017-09-01,413638
RSXFSN,2017-10-01,418956
RSXFSN,2017-11-01,443586
RSXFSN,2017-12-01,498725
RSXFSN,2018-01-01,390170
RSXFSN,2018-02-01,381258
RSXFSN,2018-03-01,445835
RSXFSN,2018-04-01,421257
RSXFSN,2018-05-01,465223
RSXFSN,2018-06-01,444720
RSXFSN,2018-07-01,442975
RSXFSN,2018-08-01,457386
RSXFSN,2018-09-01,418629
RSXFSN,2018-10-01,443581
RSXFSN,2018-11-01,461965
RSXFSN,2018-12-01,496469
RSXFSN,2019-01-01,401341
RSXFSN,2019-02-01,386840
RSXFSN,2019-03-01,449507
RSXFSN,2019-04-01,445959
RSXFSN,2019-05-01,479466
RSXFSN,2019-06-01,452242
RSXFSN,2019-07-01,466160
RSXFSN,2019-08-01,477537
RSXFSN,2019-09-01,433299
RSXFSN,2019-10-01,460534
RSXFSN,2019-11-01,473026
RSXFSN,2019-12-01,526295
RSXFSN,2020-01-01,421093
RSXFSN,2020-02-01,417777
RSXFSN,2020-03-01,434017
RSXFSN,2020-04-01,368993
GDPC1,1990-01-01,9358.289
GDPC1,1990-04-01,9392.251
GDPC1,1990-07-01,9398.499
GDPC1,1990-10-01,9312.937
GDPC1,1991-01-01,9269.367
GDPC1,1991-04-01,9341.642
GDPC1,1991-07-01,9388.845
GDPC1,1991-10-01,9421.565
GDPC1,1992-01-01,9534.346
GDPC1,1992-04-01,9637.732
GDPC1,1992-07-01,9732.979
GDPC1,1992-10-01,9834.51
GDPC1,1993-01-01,9850.973
GDPC1,1993-04-01,9908.347
GDPC1,1993-07-01,9955.641
GDPC1,1993-10-01,10091.049
GDPC1,1994-01-01,10188.954
GDPC1,1994-04-01,10327.019
GDPC1,1994-07-01,10387.382
GDPC1,1994-10-01,10506.372
GDPC1,1995-01-01,10543.644
GDPC1,1995-04-01,10575.1
GDPC1,1995-07-01,10665.06
GDPC1,1995-10-01,10737.478
GDPC1,1996-01-01,10817.896
GDPC1,1996-04-01,10998.322
GDPC1,1996-07-01,11096.976
GDPC1,1996-10-01,11212.205
GDPC1,1997-01-01,11284.587
GDPC1,1997-04-01,11472.137
GDPC1,1997-07-01,11615.636
GDPC1,1997-10-01,11715.393
GDPC1,1998-01-01,11832.486
GDPC1,1998-04-01,11942.032
GDPC1,1998-07-01,12091.614
GDPC1,1998-10-01,12287
GDPC1,1999-01-01,12403.293
GDPC1,1999-04-01,12498.694
GDPC1,1999-07-01,12662.385
GDPC1,1999-10-01,12877.593
GDPC1,2000-01-01,12924.179
GDPC1,2000-04-01,13160.842
GDPC1,2000-07-01,13178.419
GDPC1,2000-10-01,13260.506
GDPC1,2001-01-01,13222.69
GDPC1,2001-04-01,13299.984
GDPC1,2001-07-01,13244.784
GDPC1,2001-10-01,13280.859
GDPC1,2002-01-01,13397.002
GDPC1,2002-04-01,13478.152
GDPC1,2002-07-01,13538.072
GDPC1,2002-10-01,13559.032
GDPC1,2003-01-01,13634.253
GDPC1,2003-04-01,13751.543
GDPC1,2003-07-01,13985.073
GDPC1,2003-10-01,14145.645
GDPC1,2004-01-01,14221.147
GDPC1,2004-04-01,14329.523
GDPC1,2004-07-01,14464.984
GDPC1,2004-10-01,14609.876
GDPC1,2005-01-01,14771.602
GDPC1,2005-04-01,14839.782
GDPC1,2005-07-01,14972.054
GDPC1,2005-10-01,15066.597
GDPC1,2006-01-01,15267.026
GDPC1,2006-04-01,15302.705
GDPC1,2006-07-01,15326.368
GDPC1,2006-10-01,15456.928
GDPC1,2007-01-01,15493.328
GDPC1,2007-04-01,15582.085
GDPC1,2007-07-01,15666.738
GDPC1,2007-10-01,15761.967
GDPC1,2008-01-01,15671.383
GDPC1,2008-04-01,15752.308
GDPC1,2008-07-01,15667.032
GDPC1,2008-10-01,15328.027
GDPC1,2009-01-01,15155.94
GDPC1,2009-04-01,15134.117
GDPC1,2009-07-01,15189.222
GDPC1,2009-10-01,15356.058
GDPC1,2010-01-01,15415.145
GDPC1,2010-04-01,15557.277
GDPC1,2010-07-01,15671.967
GDPC1,2010-10-01,15750.625
GDPC1,2011-01-01,15712.754
GDPC1,2011-04-01,15825.096
GDPC1,2011-07-01,15820.7
GDPC1,2011-10-01,16004.107
GDPC1,2012-01-01,16129.418
GDPC1,2012-04-01,16198.807
GDPC1,2012-07-01,16220.667
GDPC1,2012-10-01,16239.138
GDPC1,2013-01-01,16382.964
GDPC1,2013-04-01,16403.18
GDPC1,2013-07-01,16531.685
GDPC1,2013-10-01,16663.649
GDPC1,2014-01-01,16616.54
GDPC1,2014-04-01,16841.475
GDPC1,2014-07-01,17047.098
GDPC1,2014-10-01,17143.038
GDPC1,2015-01-01,17277.58
GDPC1,2015-04-01,17405.669
GDPC1,2015-07-01,17463.222
GDPC1,2015-10-01,17468.902
GDPC1,2016-01-01,17556.839
GDPC1,2016-04-01,17639.417
GDPC1,2016-07-01,17735.074
GDPC1,2016-10-01,17824.231
GDPC1,2017-01-01,17925.256
GDPC1,2017-04-01,18021.048
GDPC1,2017-07-01,18163.558
GDPC1,2017-10-01,18322.464
GDPC1,2018-01-01,18438.254
GDPC1,2018-04-01,18598.135
GDPC1,2018-07-01,18732.72
GDPC1,2018-10-01,18783.548
GDPC1,2019-01-01,18927.281
GDPC1,2019-04-01,19021.86
GDPC1,2019-07-01,19121.112
GDPC1,2019-10-01,19221.97
GDPC1,2020-01-01,18987.877
ICSA,1990-01-06,355000
ICSA,1990-01-13,369000
ICSA,1990-01-20,375000
ICSA,1990-01-27,345000
ICSA,1990-02-03,368000
ICSA,1990-02-10,367000
ICSA,1990-02-17,348000
ICSA,1990-02-24,350000
ICSA,1990-03-03,351000
ICSA,1990-03-10,349000
ICSA,1990-03-17,349000
ICSA,1990-03-24,331000
ICSA,1990-03-31,346000
ICSA,1990-04-07,367000
ICSA,1990-04-14,357000
ICSA,1990-04-21,360000
ICSA,1990-04-28,363000
ICSA,1990-05-05,354000
ICSA,1990-05-12,355000
ICSA,1990-05-19,353000
ICSA,1990-05-26,359000
ICSA,1990-06-02,368000
ICSA,1990-06-09,359000
ICSA,1990-06-16,359000
ICSA,1990-06-23,362000
ICSA,1990-06-30,364000
ICSA,1990-07-07,362000
ICSA,1990-07-14,367000
ICSA,1990-07-21,370000
ICSA,1990-07-28,369000
ICSA,1990-08-04,369000
ICSA,1990-08-11,381000
ICSA,1990-08-18,393000
ICSA,1990-08-25,394000
ICSA,1990-09-01,392000
ICSA,1990-09-08,390000
ICSA,1990-09-15,395000
ICSA,1990-09-22,389000
ICSA,1990-09-29,404000
ICSA,1990-10-06,404000
ICSA,1990-10-13,422000
ICSA,1990-10-20,435000
ICSA,1990-10-27,440000
ICSA,1990-11-03,430000
ICSA,1990-11-10,448000
ICSA,1990-11-17,447000
ICSA,1990-11-24,462000
ICSA,1990-12-01,451000
ICSA,1990-12-08,449000
ICSA,1990-12-15,447000
ICSA,1990-12-22,474000
ICSA,1990-12-29,454000
ICSA,1991-01-05,415000
ICSA,1991-01-12,437000
ICSA,1991-01-19,445000
ICSA,1991-01-26,462000
ICSA,1991-02-02,483000
ICSA,1991-02-09,480000
ICSA,1991-02-16,474000
ICSA,1991-02-23,499000
ICSA,1991-03-02,488000
ICSA,1991-03-09,499000
ICSA,1991-03-16,498000
ICSA,1991-03-23,509000
ICSA,1991-03-30,499000
ICSA,1991-04-06,452000
ICSA,1991-04-13,477000
ICSA,1991-04-20,478000
ICSA,1991-04-27,462000
ICSA,1991-05-04,451000
ICSA,1991-05-11,446000
ICSA,1991-05-18,448000
ICSA,1991-05-25,443000
ICSA,1991-06-01,432000
ICSA,1991-06-08,441000
ICSA,1991-06-15,429000
ICSA,1991-06-22,423000
ICSA,1991-06-29,418000
ICSA,1991-07-06,422000
ICSA,1991-07-13,420000
ICSA,1991-07-20,408000
ICSA,1991-07-27,423000
ICSA,1991-08-03,438000
ICSA,1991-08-10,437000
ICSA,1991-08-17,433000
ICSA,1991-08-24,425000
ICSA,1991-08-31,425000
ICSA,1991-09-07,424000
ICSA,1991-09-14,418000
ICSA,1991-09-21,419000
ICSA,1991-09-28,437000
ICSA,1991-10-05,424000
ICSA,1991-10-12,425000
ICSA,1991-10-19,419000
ICSA,1991-10-26,423000
ICSA,1991-11-02,447000
ICSA,1991-11-09,453000
ICSA,1991-11-16,439000
ICSA,1991-11-23,444000
ICSA,1991-11-30,444000
ICSA,1991-12-07,475000
ICSA,1991-12-14,475000
ICSA,1991-12-21,436000
ICSA,1991-12-28,441000
ICSA,1992-01-04,432000
ICSA,1992-01-11,440000
ICSA,1992-01-18,443000
ICSA,1992-01-25,441000
ICSA,1992-02-01,440000
ICSA,1992-02-08,445000
ICSA,1992-02-15,446000
ICSA,1992-02-22,436000
ICSA,1992-02-29,444000
ICSA,1992-03-07,421000
ICSA,1992-03-14,437000
ICSA,1992-03-21,440000
ICSA,1992-03-28,420000
ICSA,1992-04-04,412000
ICSA,1992-04-11,413000
ICSA,1992-04-18,424000
ICSA,1992-04-25,424000
ICSA,1992-05-02,431000
ICSA,1992-05-09,417000
ICSA,1992-05-16,414000
ICSA,1992-05-23,414000
ICSA,1992-05-30,411000
ICSA,1992-06-06,416000
ICSA,1992-06-13,420000
ICSA,1992-06-20,419000
ICSA,1992-06-27,420000
ICSA,1992-07-04,407000
ICSA,1992-07-11,408000
ICSA,1992-07-18,392000
ICSA,1992-07-25,564000
ICSA,1992-08-01,423000
ICSA,1992-08-08,406000
ICSA,1992-08-15,401000
ICSA,1992-08-22,398000
ICSA,1992-08-29,408000
ICSA,1992-09-05,416000
ICSA,1992-09-12,416000
ICSA,1992-09-19,427000
ICSA,1992-09-26,409000
ICSA,1992-10-03,398000
ICSA,1992-10-10,374000
ICSA,1992-10-17,385000
ICSA,1992-10-24,367000
ICSA,1992-10-31,365000
ICSA,1992-11-07,374000
ICSA,1992-11-14,377000
ICSA,1992-11-21,357000
ICSA,1992-11-28,341000
ICSA,1992-12-05,350000
ICSA,1992-12-12,359000
ICSA,1992-12-19,334000
ICSA,1992-12-26,313000
ICSA,1993-01-02,341000
ICSA,1993-01-09,354000
ICSA,1993-01-16,352000
ICSA,1993-01-23,341000
ICSA,1993-01-30,340000
ICSA,1993-02-06,319000
ICSA,1993-02-13,321000
ICSA,1993-02-20,351000
ICSA,1993-02-27,362000
ICSA,1993-03-06,354000
ICSA,1993-03-13,346000
ICSA,1993-03-20,338000
ICSA,1993-03-27,366000
ICSA,1993-04-03,365000
ICSA,1993-04-10,353000
ICSA,1993-04-17,351000
ICSA,1993-04-24,350000
ICSA,1993-05-01,343000
ICSA,1993-05-08,339000
ICSA,1993-05-15,345000
ICSA,1993-05-22,342000
ICSA,1993-05-29,349000
ICSA,1993-06-05,343000
ICSA,1993-06-12,343000
ICSA,1993-06-19,345000
ICSA,1993-06-26,340000
ICSA,1993-07-03,334000
ICSA,1993-07-10,314000
ICSA,1993-07-17,335000
ICSA,1993-07-24,415000
ICSA,1993-07-31,356000
ICSA,1993-08-07,346000
ICSA,1993-08-14,339000
ICSA,1993-08-21,342000
ICSA,1993-08-28,337000
ICSA,1993-09-04,334000
ICSA,1993-09-11,333000
ICSA,1993-09-18,346000
ICSA,1993-09-25,343000
ICSA,1993-10-02,333000
ICSA,1993-10-09,355000
ICSA,1993-10-16,359000
ICSA,1993-10-23,354000
ICSA,1993-10-30,348000
ICSA,1993-11-06,350000
ICSA,1993-11-13,341000
ICSA,1993-11-20,336000
ICSA,1993-11-27,337000
ICSA,1993-12-04,337000
ICSA,1993-12-11,334000
ICSA,1993-12-18,331000
ICSA,1993-12-25,290000
ICSA,1994-01-01,341000
ICSA,1994-01-08,343000
ICSA,1994-01-15,355000
ICSA,1994-01-22,351000
ICSA,1994-01-29,406000
ICSA,1994-02-05,361000
ICSA,1994-02-12,354000
ICSA,1994-02-19,352000
ICSA,1994-02-26,327000
ICSA,1994-03-05,348000
ICSA,1994-03-12,341000
ICSA,1994-03-19,332000
ICSA,1994-03-26,322000
ICSA,1994-04-02,342000
ICSA,1994-04-09,349000
ICSA,1994-04-16,354000
ICSA,1994-04-23,331000
ICSA,1994-04-30,344000
ICSA,1994-05-07,371000
ICSA,1994-05-14,360000
ICSA,1994-05-21,357000
ICSA,1994-05-28,348000
ICSA,1994-06-04,345000
ICSA,1994-06-11,338000
ICSA,1994-06-18,336000
ICSA,1994-06-25,341000
ICSA,1994-07-02,334000
ICSA,1994-07-09,341000
ICSA,1994-07-16,359000
ICSA,1994-07-23,345000
ICSA,1994-07-30,332000
ICSA,1994-08-06,338000
ICSA,1994-08-13,335000
ICSA,1994-08-20,331000
ICSA,1994-08-27,341000
ICSA,1994-09-03,339000
ICSA,1994-09-10,331000
ICSA,1994-09-17,326000
ICSA,1994-09-24,325000
ICSA,1994-10-01,330000
ICSA,1994-10-08,341000
ICSA,1994-10-15,335000
ICSA,1994-10-22,330000
ICSA,1994-10-29,331000
ICSA,1994-11-05,328000
ICSA,1994-11-12,329000
ICSA,1994-11-19,326000
ICSA,1994-11-26,329000
ICSA,1994-12-03,324000
ICSA,1994-12-10,329000
ICSA,1994-12-17,330000
ICSA,1994-12-24,314000
ICSA,1994-12-31,319000
ICSA,1995-01-07,338000
ICSA,1995-01-14,347000
ICSA,1995-01-21,325000
ICSA,1995-01-28,324000
ICSA,1995-02-04,324000
ICSA,1995-02-11,348000
ICSA,1995-02-18,343000
ICSA,1995-02-25,336000
ICSA,1995-03-04,339000
ICSA,1995-03-11,347000
ICSA,1995-03-18,343000
ICSA,1995-03-25,332000
ICSA,1995-04-01,335000
ICSA,1995-04-08,347000
ICSA,1995-04-15,355000
ICSA,1995-04-22,349000
ICSA,1995-04-29,365000
ICSA,1995-05-06,364000
ICSA,1995-05-13,366000
ICSA,1995-05-20,377000
ICSA,1995-05-27,374000
ICSA,1995-06-03,362000
ICSA,1995-06-10,367000
ICSA,1995-06-17,378000
ICSA,1995-06-24,358000
ICSA,1995-07-01,355000
ICSA,1995-07-08,372000
ICSA,1995-07-15,389000
ICSA,1995-07-22,390000
ICSA,1995-07-29,351000
ICSA,1995-08-05,351000
ICSA,1995-08-12,353000
ICSA,1995-08-19,362000
ICSA,1995-08-26,359000
ICSA,1995-09-02,355000
ICSA,1995-09-09,371000
ICSA,1995-09-16,376000
ICSA,1995-09-23,353000
ICSA,1995-09-30,355000
ICSA,1995-10-07,374000
ICSA,1995-10-14,369000
ICSA,1995-10-21,366000
ICSA,1995-10-28,377000
ICSA,1995-11-04,380000
ICSA,1995-11-11,370000
ICSA,1995-11-18,379000
ICSA,1995-11-25,379000
ICSA,1995-12-02,373000
ICSA,1995-12-09,346000
ICSA,1995-12-16,373000
ICSA,1995-12-23,374000
ICSA,1995-12-30,359000
ICSA,1996-01-06,361000
ICSA,1996-01-13,333000
ICSA,1996-01-20,415000
ICSA,1996-01-27,387000
ICSA,1996-02-03,374000
ICSA,1996-02-10,387000
ICSA,1996-02-17,383000
ICSA,1996-02-24,365000
ICSA,1996-03-02,368000
ICSA,1996-03-09,361000
ICSA,1996-03-16,384000
ICSA,1996-03-23,426000
ICSA,1996-03-30,393000
ICSA,1996-04-06,369000
ICSA,1996-04-13,357000
ICSA,1996-04-20,368000
ICSA,1996-04-27,343000
ICSA,1996-05-04,338000
ICSA,1996-05-11,352000
ICSA,1996-05-18,345000
ICSA,1996-05-25,343000
ICSA,1996-06-01,340000
ICSA,1996-06-08,351000
ICSA,1996-06-15,342000
ICSA,1996-06-22,341000
ICSA,1996-06-29,337000
ICSA,1996-07-06,342000
ICSA,1996-07-13,347000
ICSA,1996-07-20,332000
ICSA,1996-07-27,327000
ICSA,1996-08-03,326000
ICSA,1996-08-10,331000
ICSA,1996-08-17,336000
ICSA,1996-08-24,337000
ICSA,1996-08-31,329000
ICSA,1996-09-07,333000
ICSA,1996-09-14,338000
ICSA,1996-09-21,352000
ICSA,1996-09-28,348000
ICSA,1996-10-05,335000
ICSA,1996-10-12,334000
ICSA,1996-10-19,335000
ICSA,1996-10-26,352000
ICSA,1996-11-02,334000
ICSA,1996-11-09,327000
ICSA,1996-11-16,342000
ICSA,1996-11-23,347000
ICSA,1996-11-30,332000
ICSA,1996-12-07,355000
ICSA,1996-12-14,352000
ICSA,1996-12-21,350000
ICSA,1996-12-28,357000
ICSA,1997-01-04,347000
ICSA,1997-01-11,324000
ICSA,1997-01-18,345000
ICSA,1997-01-25,340000
ICSA,1997-02-01,333000
ICSA,1997-02-08,315000
ICSA,1997-02-15,313000
ICSA,1997-02-22,322000
ICSA,1997-03-01,321000
ICSA,1997-03-08,317000
ICSA,1997-03-15,319000
ICSA,1997-03-22,315000
ICSA,1997-03-29,325000
ICSA,1997-04-05,325000
ICSA,1997-04-12,330000
ICSA,1997-04-19,316000
ICSA,1997-04-26,337000
ICSA,1997-05-03,342000
ICSA,1997-05-10,318000
ICSA,1997-05-17,322000
ICSA,1997-05-24,316000
ICSA,1997-05-31,321000
ICSA,1997-06-07,329000
ICSA,1997-06-14,335000
ICSA,1997-06-21,316000
ICSA,1997-06-28,322000
ICSA,1997-07-05,346000
ICSA,1997-07-12,328000
ICSA,1997-07-19,301000
ICSA,1997-07-26,306000
ICSA,1997-08-02,320000
ICSA,1997-08-09,329000
ICSA,1997-08-16,343000
ICSA,1997-08-23,327000
ICSA,1997-08-30,332000
ICSA,1997-09-06,313000
ICSA,1997-09-13,314000
ICSA,1997-09-20,317000
ICSA,1997-09-27,317000
ICSA,1997-10-04,311000
ICSA,1997-10-11,305000
ICSA,1997-10-18,318000
ICSA,1997-10-25,306000
ICSA,1997-11-01,313000
ICSA,1997-11-08,308000
ICSA,1997-11-15,325000
ICSA,1997-11-22,309000
ICSA,1997-11-29,318000
ICSA,1997-12-06,317000
ICSA,1997-12-13,323000
ICSA,1997-12-20,310000
ICSA,1997-12-27,303000
ICSA,1998-01-03,312000
ICSA,1998-01-10,331000
ICSA,1998-01-17,341000
ICSA,1998-01-24,307000
ICSA,1998-01-31,315000
ICSA,1998-02-07,311000
ICSA,1998-02-14,321000
ICSA,1998-02-21,327000
ICSA,1998-02-28,317000
ICSA,1998-03-07,308000
ICSA,1998-03-14,319000
ICSA,1998-03-21,321000
ICSA,1998-03-28,312000
ICSA,1998-04-04,312000
ICSA,1998-04-11,304000
ICSA,1998-04-18,317000
ICSA,1998-04-25,311000
ICSA,1998-05-02,304000
ICSA,1998-05-09,306000
ICSA,1998-05-16,315000
ICSA,1998-05-23,309000
ICSA,1998-05-30,322000
ICSA,1998-06-06,306000
ICSA,1998-06-13,321000
ICSA,1998-06-20,349000
ICSA,1998-06-27,376000
ICSA,1998-07-04,362000
ICSA,1998-07-11,320000
ICSA,1998-07-18,315000
ICSA,1998-07-25,335000
ICSA,1998-08-01,327000
ICSA,1998-08-08,316000
ICSA,1998-08-15,308000
ICSA,1998-08-22,302000
ICSA,1998-08-29,310000
ICSA,1998-09-05,313000
ICSA,1998-09-12,304000
ICSA,1998-09-19,305000
ICSA,1998-09-26,294000
ICSA,1998-10-03,302000
ICSA,1998-10-10,316000
ICSA,1998-10-17,318000
ICSA,1998-10-24,309000
ICSA,1998-10-31,308000
ICSA,1998-11-07,316000
ICSA,1998-11-14,334000
ICSA,1998-11-21,304000
ICSA,1998-11-28,310000
ICSA,1998-12-05,326000
ICSA,1998-12-12,305000
ICSA,1998-12-19,297000
ICSA,1998-12-26,336000
ICSA,1999-01-02,331000
ICSA,1999-01-09,345000
ICSA,1999-01-16,339000
ICSA,1999-01-23,311000
ICSA,1999-01-30,305000
ICSA,1999-02-06,291000
ICSA,1999-02-13,312000
ICSA,1999-02-20,302000
ICSA,1999-02-27,301000
ICSA,1999-03-06,300000
ICSA,1999-03-13,308000
ICSA,1999-03-20,305000
ICSA,1999-03-27,298000
ICSA,1999-04-03,310000
ICSA,1999-04-10,319000
ICSA,1999-04-17,314000
ICSA,1999-04-24,291000
ICSA,1999-05-01,296000
ICSA,1999-05-08,310000
ICSA,1999-05-15,301000
ICSA,1999-05-22,298000
ICSA,1999-05-29,303000
ICSA,1999-06-05,303000
ICSA,1999-06-12,290000
ICSA,1999-06-19,292000
ICSA,1999-06-26,291000
ICSA,1999-07-03,287000
ICSA,1999-07-10,288000
ICSA,1999-07-17,309000
ICSA,1999-07-24,306000
ICSA,1999-07-31,300000
ICSA,1999-08-07,295000
ICSA,1999-08-14,292000
ICSA,1999-08-21,286000
ICSA,1999-08-28,290000
ICSA,1999-09-04,290000
ICSA,1999-09-11,281000
ICSA,1999-09-18,281000
ICSA,1999-09-25,306000
ICSA,1999-10-02,309000
ICSA,1999-10-09,291000
ICSA,1999-10-16,287000
ICSA,1999-10-23,280000
ICSA,1999-10-30,285000
ICSA,1999-11-06,282000
ICSA,1999-11-13,281000
ICSA,1999-11-20,276000
ICSA,1999-11-27,288000
ICSA,1999-12-04,287000
ICSA,1999-12-11,272000
ICSA,1999-12-18,287000
ICSA,1999-12-25,268000
ICSA,2000-01-01,286000
ICSA,2000-01-08,298000
ICSA,2000-01-15,289000
ICSA,2000-01-22,284000
ICSA,2000-01-29,285000
ICSA,2000-02-05,312000
ICSA,2000-02-12,300000
ICSA,2000-02-19,283000
ICSA,2000-02-26,280000
ICSA,2000-03-04,286000
ICSA,2000-03-11,270000
ICSA,2000-03-18,271000
ICSA,2000-03-25,272000
ICSA,2000-04-01,266000
ICSA,2000-04-08,268000
ICSA,2000-04-15,259000
ICSA,2000-04-22,274000
ICSA,2000-04-29,291000
ICSA,2000-05-06,293000
ICSA,2000-05-13,276000
ICSA,2000-05-20,280000
ICSA,2000-05-27,280000
ICSA,2000-06-03,290000
ICSA,2000-06-10,284000
ICSA,2000-06-17,294000
ICSA,2000-06-24,296000
ICSA,2000-07-01,281000
ICSA,2000-07-08,293000
ICSA,2000-07-15,303000
ICSA,2000-07-22,300000
ICSA,2000-07-29,298000
ICSA,2000-08-05,306000
ICSA,2000-08-12,315000
ICSA,2000-08-19,318000
ICSA,2000-08-26,312000
ICSA,2000-09-02,301000
ICSA,2000-09-09,309000
ICSA,2000-09-16,311000
ICSA,2000-09-23,288000
ICSA,2000-09-30,292000
ICSA,2000-10-07,309000
ICSA,2000-10-14,299000
ICSA,2000-10-21,295000
ICSA,2000-10-28,301000
ICSA,2000-11-04,331000
ICSA,2000-11-11,318000
ICSA,2000-11-18,332000
ICSA,2000-11-25,356000
ICSA,2000-12-02,338000
ICSA,2000-12-09,321000
ICSA,2000-12-16,354000
ICSA,2000-12-23,364000
ICSA,2000-12-30,353000
ICSA,2001-01-06,337000
ICSA,2001-01-13,318000
ICSA,2001-01-20,343000
ICSA,2001-01-27,362000
ICSA,2001-02-03,376000
ICSA,2001-02-10,365000
ICSA,2001-02-17,358000
ICSA,2001-02-24,386000
ICSA,2001-03-03,384000
ICSA,2001-03-10,393000
ICSA,2001-03-17,393000
ICSA,2001-03-24,378000
ICSA,2001-03-31,388000
ICSA,2001-04-07,398000
ICSA,2001-04-14,383000
ICSA,2001-04-21,400000
ICSA,2001-04-28,406000
ICSA,2001-05-05,381000
ICSA,2001-05-12,390000
ICSA,2001-05-19,402000
ICSA,2001-05-26,405000
ICSA,2001-06-02,406000
ICSA,2001-06-09,411000
ICSA,2001-06-16,394000
ICSA,2001-06-23,381000
ICSA,2001-06-30,394000
ICSA,2001-07-07,401000
ICSA,2001-07-14,405000
ICSA,2001-07-21,398000
ICSA,2001-07-28,388000
ICSA,2001-08-04,401000
ICSA,2001-08-11,394000
ICSA,2001-08-18,402000
ICSA,2001-08-25,395000
ICSA,2001-09-01,402000
ICSA,2001-09-08,408000
ICSA,2001-09-15,395000
ICSA,2001-09-22,453000
ICSA,2001-09-29,517000
ICSA,2001-10-06,476000
ICSA,2001-10-13,482000
ICSA,2001-10-20,482000
ICSA,2001-10-27,483000
ICSA,2001-11-03,440000
ICSA,2001-11-10,428000
ICSA,2001-11-17,431000
ICSA,2001-11-24,491000
ICSA,2001-12-01,465000
ICSA,2001-12-08,393000
ICSA,2001-12-15,389000
ICSA,2001-12-22,416000
ICSA,2001-12-29,421000
ICSA,2002-01-05,397000
ICSA,2002-01-12,418000
ICSA,2002-01-19,405000
ICSA,2002-01-26,414000
ICSA,2002-02-02,404000
ICSA,2002-02-09,397000
ICSA,2002-02-16,397000
ICSA,2002-02-23,398000
ICSA,2002-03-02,392000
ICSA,2002-03-09,399000
ICSA,2002-03-16,392000
ICSA,2002-03-23,415000
ICSA,2002-03-30,479000
ICSA,2002-04-06,445000
ICSA,2002-04-13,442000
ICSA,2002-04-20,416000
ICSA,2002-04-27,414000
ICSA,2002-05-04,409000
ICSA,2002-05-11,413000
ICSA,2002-05-18,411000
ICSA,2002-05-25,403000
ICSA,2002-06-01,378000
ICSA,2002-06-08,388000
ICSA,2002-06-15,396000
ICSA,2002-06-22,388000
ICSA,2002-06-29,386000
ICSA,2002-07-06,391000
ICSA,2002-07-13,384000
ICSA,2002-07-20,379000
ICSA,2002-07-27,390000
ICSA,2002-08-03,388000
ICSA,2002-08-10,389000
ICSA,2002-08-17,399000
ICSA,2002-08-24,398000
ICSA,2002-08-31,394000
ICSA,2002-09-07,416000
ICSA,2002-09-14,412000
ICSA,2002-09-21,401000
ICSA,2002-09-28,409000
ICSA,2002-10-05,404000
ICSA,2002-10-12,405000
ICSA,2002-10-19,412000
ICSA,2002-10-26,409000
ICSA,2002-11-02,405000
ICSA,2002-11-09,400000
ICSA,2002-11-16,389000
ICSA,2002-11-23,390000
ICSA,2002-11-30,377000
ICSA,2002-12-07,425000
ICSA,2002-12-14,429000
ICSA,2002-12-21,394000
ICSA,2002-12-28,409000
ICSA,2003-01-04,393000
ICSA,2003-01-11,378000
ICSA,2003-01-18,402000
ICSA,2003-01-25,407000
ICSA,2003-02-01,413000
ICSA,2003-02-08,390000
ICSA,2003-02-15,420000
ICSA,2003-02-22,421000
ICSA,2003-03-01,436000
ICSA,2003-03-08,424000
ICSA,2003-03-15,430000
ICSA,2003-03-22,411000
ICSA,2003-03-29,436000
ICSA,2003-04-05,417000
ICSA,2003-04-12,434000
ICSA,2003-04-19,450000
ICSA,2003-04-26,444000
ICSA,2003-05-03,428000
ICSA,2003-05-10,417000
ICSA,2003-05-17,425000
ICSA,2003-05-24,419000
ICSA,2003-05-31,431000
ICSA,2003-06-07,429000
ICSA,2003-06-14,421000
ICSA,2003-06-21,408000
ICSA,2003-06-28,429000
ICSA,2003-07-05,433000
ICSA,2003-07-12,412000
ICSA,2003-07-19,403000
ICSA,2003-07-26,398000
ICSA,2003-08-02,401000
ICSA,2003-08-09,404000
ICSA,2003-08-16,398000
ICSA,2003-08-23,391000
ICSA,2003-08-30,407000
ICSA,2003-09-06,422000
ICSA,2003-09-13,394000
ICSA,2003-09-20,379000
ICSA,2003-09-27,387000
ICSA,2003-10-04,386000
ICSA,2003-10-11,376000
ICSA,2003-10-18,387000
ICSA,2003-10-25,379000
ICSA,2003-11-01,363000
ICSA,2003-11-08,371000
ICSA,2003-11-15,370000
ICSA,2003-11-22,354000
ICSA,2003-11-29,357000
ICSA,2003-12-06,367000
ICSA,2003-12-13,363000
ICSA,2003-12-20,354000
ICSA,2003-12-27,349000
ICSA,2004-01-03,356000
ICSA,2004-01-10,354000
ICSA,2004-01-17,362000
ICSA,2004-01-24,353000
ICSA,2004-01-31,376000
ICSA,2004-02-07,380000
ICSA,2004-02-14,356000
ICSA,2004-02-21,359000
ICSA,2004-02-28,348000
ICSA,2004-03-06,344000
ICSA,2004-03-13,338000
ICSA,2004-03-20,346000
ICSA,2004-03-27,340000
ICSA,2004-04-03,335000
ICSA,2004-04-10,355000
ICSA,2004-04-17,364000
ICSA,2004-04-24,339000
ICSA,2004-05-01,324000
ICSA,2004-05-08,329000
ICSA,2004-05-15,349000
ICSA,2004-05-22,342000
ICSA,2004-05-29,337000
ICSA,2004-06-05,355000
ICSA,2004-06-12,339000
ICSA,2004-06-19,354000
ICSA,2004-06-26,348000
ICSA,2004-07-03,326000
ICSA,2004-07-10,345000
ICSA,2004-07-17,355000
ICSA,2004-07-24,348000
ICSA,2004-07-31,341000
ICSA,2004-08-07,336000
ICSA,2004-08-14,332000
ICSA,2004-08-21,343000
ICSA,2004-08-28,352000
ICSA,2004-09-04,326000
ICSA,2004-09-11,331000
ICSA,2004-09-18,341000
ICSA,2004-09-25,351000
ICSA,2004-10-02,335000
ICSA,2004-10-09,338000
ICSA,2004-10-16,327000
ICSA,2004-10-23,338000
ICSA,2004-10-30,332000
ICSA,2004-11-06,330000
ICSA,2004-11-13,337000
ICSA,2004-11-20,313000
ICSA,2004-11-27,335000
ICSA,2004-12-04,343000
ICSA,2004-12-11,316000
ICSA,2004-12-18,322000
ICSA,2004-12-25,320000
ICSA,2005-01-01,356000
ICSA,2005-01-08,369000
ICSA,2005-01-15,332000
ICSA,2005-01-22,329000
ICSA,2005-01-29,331000
ICSA,2005-02-05,307000
ICSA,2005-02-12,308000
ICSA,2005-02-19,318000
ICSA,2005-02-26,314000
ICSA,2005-03-05,333000
ICSA,2005-03-12,324000
ICSA,2005-03-19,329000
ICSA,2005-03-26,342000
ICSA,2005-04-02,335000
ICSA,2005-04-09,323000
ICSA,2005-04-16,307000
ICSA,2005-04-23,317000
ICSA,2005-04-30,334000
ICSA,2005-05-07,327000
ICSA,2005-05-14,321000
ICSA,2005-05-21,320000
ICSA,2005-05-28,340000
ICSA,2005-06-04,338000
ICSA,2005-06-11,333000
ICSA,2005-06-18,321000
ICSA,2005-06-25,311000
ICSA,2005-07-02,327000
ICSA,2005-07-09,338000
ICSA,2005-07-16,323000
ICSA,2005-07-23,318000
ICSA,2005-07-30,316000
ICSA,2005-08-06,311000
ICSA,2005-08-13,319000
ICSA,2005-08-20,315000
ICSA,2005-08-27,318000
ICSA,2005-09-03,326000
ICSA,2005-09-10,422000
ICSA,2005-09-17,424000
ICSA,2005-09-24,359000
ICSA,2005-10-01,384000
ICSA,2005-10-08,383000
ICSA,2005-10-15,348000
ICSA,2005-10-22,324000
ICSA,2005-10-29,322000
ICSA,2005-11-05,325000
ICSA,2005-11-12,309000
ICSA,2005-11-19,324000
ICSA,2005-11-26,311000
ICSA,2005-12-03,321000
ICSA,2005-12-10,327000
ICSA,2005-12-17,312000
ICSA,2005-12-24,320000
ICSA,2005-12-31,302000
ICSA,2006-01-07,326000
ICSA,2006-01-14,285000
ICSA,2006-01-21,290000
ICSA,2006-01-28,282000
ICSA,2006-02-04,289000
ICSA,2006-02-11,298000
ICSA,2006-02-18,283000
ICSA,2006-02-25,293000
ICSA,2006-03-04,302000
ICSA,2006-03-11,307000
ICSA,2006-03-18,303000
ICSA,2006-03-25,295000
ICSA,2006-04-01,291000
ICSA,2006-04-08,299000
ICSA,2006-04-15,299000
ICSA,2006-04-22,308000
ICSA,2006-04-29,321000
ICSA,2006-05-06,347000
ICSA,2006-05-13,335000
ICSA,2006-05-20,319000
ICSA,2006-05-27,330000
ICSA,2006-06-03,307000
ICSA,2006-06-10,298000
ICSA,2006-06-17,308000
ICSA,2006-06-24,309000
ICSA,2006-07-01,316000
ICSA,2006-07-08,343000
ICSA,2006-07-15,318000
ICSA,2006-07-22,306000
ICSA,2006-07-29,311000
ICSA,2006-08-05,318000
ICSA,2006-08-12,310000
ICSA,2006-08-19,315000
ICSA,2006-08-26,314000
ICSA,2006-09-02,315000
ICSA,2006-09-09,314000
ICSA,2006-09-16,324000
ICSA,2006-09-23,319000
ICSA,2006-09-30,309000
ICSA,2006-10-07,316000
ICSA,2006-10-14,305000
ICSA,2006-10-21,313000
ICSA,2006-10-28,328000
ICSA,2006-11-04,319000
ICSA,2006-11-11,311000
ICSA,2006-11-18,326000
ICSA,2006-11-25,349000
ICSA,2006-12-02,327000
ICSA,2006-12-09,311000
ICSA,2006-12-16,318000
ICSA,2006-12-23,323000
ICSA,2006-12-30,341000
ICSA,2007-01-06,330000
ICSA,2007-01-13,296000
ICSA,2007-01-20,335000
ICSA,2007-01-27,308000
ICSA,2007-02-03,310000
ICSA,2007-02-10,338000
ICSA,2007-02-17,321000
ICSA,2007-02-24,322000
ICSA,2007-03-03,320000
ICSA,2007-03-10,308000
ICSA,2007-03-17,309000
ICSA,2007-03-24,303000
ICSA,2007-03-31,307000
ICSA,2007-04-07,332000
ICSA,2007-04-14,327000
ICSA,2007-04-21,321000
ICSA,2007-04-28,301000
ICSA,2007-05-05,300000
ICSA,2007-05-12,297000
ICSA,2007-05-19,310000
ICSA,2007-05-26,310000
ICSA,2007-06-02,313000
ICSA,2007-06-09,313000
ICSA,2007-06-16,320000
ICSA,2007-06-23,313000
ICSA,2007-06-30,317000
ICSA,2007-07-07,321000
ICSA,2007-07-14,317000
ICSA,2007-07-21,310000
ICSA,2007-07-28,305000
ICSA,2007-08-04,314000
ICSA,2007-08-11,316000
ICSA,2007-08-18,321000
ICSA,2007-08-25,329000
ICSA,2007-09-01,314000
ICSA,2007-09-08,321000
ICSA,2007-09-15,313000
ICSA,2007-09-22,302000
ICSA,2007-09-29,317000
ICSA,2007-10-06,316000
ICSA,2007-10-13,335000
ICSA,2007-10-20,334000
ICSA,2007-10-27,328000
ICSA,2007-11-03,327000
ICSA,2007-11-10,333000
ICSA,2007-11-17,332000
ICSA,2007-11-24,352000
ICSA,2007-12-01,344000
ICSA,2007-12-08,332000
ICSA,2007-12-15,350000
ICSA,2007-12-22,355000
ICSA,2007-12-29,360000
ICSA,2008-01-05,346000
ICSA,2008-01-12,322000
ICSA,2008-01-19,321000
ICSA,2008-01-26,366000
ICSA,2008-02-02,350000
ICSA,2008-02-09,344000
ICSA,2008-02-16,339000
ICSA,2008-02-23,354000
ICSA,2008-03-01,345000
ICSA,2008-03-08,348000
ICSA,2008-03-15,369000
ICSA,2008-03-22,368000
ICSA,2008-03-29,387000
ICSA,2008-04-05,354000
ICSA,2008-04-12,365000
ICSA,2008-04-19,349000
ICSA,2008-04-26,370000
ICSA,2008-05-03,370000
ICSA,2008-05-10,366000
ICSA,2008-05-17,367000
ICSA,2008-05-24,369000
ICSA,2008-05-31,362000
ICSA,2008-06-07,382000
ICSA,2008-06-14,378000
ICSA,2008-06-21,381000
ICSA,2008-06-28,392000
ICSA,2008-07-05,371000
ICSA,2008-07-12,385000
ICSA,2008-07-19,402000
ICSA,2008-07-26,434000
ICSA,2008-08-02,448000
ICSA,2008-08-09,430000
ICSA,2008-08-16,424000
ICSA,2008-08-23,421000
ICSA,2008-08-30,442000
ICSA,2008-09-06,441000
ICSA,2008-09-13,449000
ICSA,2008-09-20,483000
ICSA,2008-09-27,483000
ICSA,2008-10-04,482000
ICSA,2008-10-11,461000
ICSA,2008-10-18,478000
ICSA,2008-10-25,480000
ICSA,2008-11-01,490000
ICSA,2008-11-08,512000
ICSA,2008-11-15,536000
ICSA,2008-11-22,532000
ICSA,2008-11-29,529000
ICSA,2008-12-06,570000
ICSA,2008-12-13,566000
ICSA,2008-12-20,587000
ICSA,2008-12-27,533000
ICSA,2009-01-03,503000
ICSA,2009-01-10,551000
ICSA,2009-01-17,591000
ICSA,2009-01-24,586000
ICSA,2009-01-31,629000
ICSA,2009-02-07,637000
ICSA,2009-02-14,632000
ICSA,2009-02-21,655000
ICSA,2009-02-28,652000
ICSA,2009-03-07,660000
ICSA,2009-03-14,651000
ICSA,2009-03-21,661000
ICSA,2009-03-28,665000
ICSA,2009-04-04,653000
ICSA,2009-04-11,599000
ICSA,2009-04-18,639000
ICSA,2009-04-25,620000
ICSA,2009-05-02,602000
ICSA,2009-05-09,625000
ICSA,2009-05-16,620000
ICSA,2009-05-23,606000
ICSA,2009-05-30,607000
ICSA,2009-06-06,596000
ICSA,2009-06-13,595000
ICSA,2009-06-20,608000
ICSA,2009-06-27,594000
ICSA,2009-07-04,573000
ICSA,2009-07-11,546000
ICSA,2009-07-18,560000
ICSA,2009-07-25,587000
ICSA,2009-08-01,555000
ICSA,2009-08-08,555000
ICSA,2009-08-15,562000
ICSA,2009-08-22,560000
ICSA,2009-08-29,564000
ICSA,2009-09-05,558000
ICSA,2009-09-12,542000
ICSA,2009-09-19,536000
ICSA,2009-09-26,554000
ICSA,2009-10-03,533000
ICSA,2009-10-10,511000
ICSA,2009-10-17,531000
ICSA,2009-10-24,530000
ICSA,2009-10-31,522000
ICSA,2009-11-07,512000
ICSA,2009-11-14,507000
ICSA,2009-11-21,482000
ICSA,2009-11-28,475000
ICSA,2009-12-05,497000
ICSA,2009-12-12,498000
ICSA,2009-12-19,479000
ICSA,2009-12-26,468000
ICSA,2010-01-02,456000
ICSA,2010-01-09,469000
ICSA,2010-01-16,507000
ICSA,2010-01-23,471000
ICSA,2010-01-30,496000
ICSA,2010-02-06,466000
ICSA,2010-02-13,489000
ICSA,2010-02-20,500000
ICSA,2010-02-27,488000
ICSA,2010-03-06,472000
ICSA,2010-03-13,478000
ICSA,2010-03-20,472000
ICSA,2010-03-27,459000
ICSA,2010-04-03,479000
ICSA,2010-04-10,479000
ICSA,2010-04-17,469000
ICSA,2010-04-24,449000
ICSA,2010-05-01,451000
ICSA,2010-05-08,451000
ICSA,2010-05-15,474000
ICSA,2010-05-22,463000
ICSA,2010-05-29,458000
ICSA,2010-06-05,459000
ICSA,2010-06-12,467000
ICSA,2010-06-19,452000
ICSA,2010-06-26,464000
ICSA,2010-07-03,454000
ICSA,2010-07-10,439000
ICSA,2010-07-17,462000
ICSA,2010-07-24,465000
ICSA,2010-07-31,476000
ICSA,2010-08-07,483000
ICSA,2010-08-14,486000
ICSA,2010-08-21,464000
ICSA,2010-08-28,467000
ICSA,2010-09-04,452000
ICSA,2010-09-11,444000
ICSA,2010-09-18,459000
ICSA,2010-09-25,459000
ICSA,2010-10-02,446000
ICSA,2010-10-09,459000
ICSA,2010-10-16,444000
ICSA,2010-10-23,432000
ICSA,2010-10-30,453000
ICSA,2010-11-06,434000
ICSA,2010-11-13,432000
ICSA,2010-11-20,407000
ICSA,2010-11-27,432000
ICSA,2010-12-04,428000
ICSA,2010-12-11,425000
ICSA,2010-12-18,424000
ICSA,2010-12-25,404000
ICSA,2011-01-01,413000
ICSA,2011-01-08,434000
ICSA,2011-01-15,421000
ICSA,2011-01-22,446000
ICSA,2011-01-29,420000
ICSA,2011-02-05,402000
ICSA,2011-02-12,425000
ICSA,2011-02-19,394000
ICSA,2011-02-26,385000
ICSA,2011-03-05,414000
ICSA,2011-03-12,404000
ICSA,2011-03-19,407000
ICSA,2011-03-26,399000
ICSA,2011-04-02,395000
ICSA,2011-04-09,416000
ICSA,2011-04-16,402000
ICSA,2011-04-23,422000
ICSA,2011-04-30,468000
ICSA,2011-05-07,435000
ICSA,2011-05-14,414000
ICSA,2011-05-21,423000
ICSA,2011-05-28,418000
ICSA,2011-06-04,423000
ICSA,2011-06-11,413000
ICSA,2011-06-18,416000
ICSA,2011-06-25,421000
ICSA,2011-07-02,418000
ICSA,2011-07-09,408000
ICSA,2011-07-16,420000
ICSA,2011-07-23,411000
ICSA,2011-07-30,406000
ICSA,2011-08-06,405000
ICSA,2011-08-13,409000
ICSA,2011-08-20,415000
ICSA,2011-08-27,409000
ICSA,2011-09-03,414000
ICSA,2011-09-10,429000
ICSA,2011-09-17,422000
ICSA,2011-09-24,406000
ICSA,2011-10-01,405000
ICSA,2011-10-08,410000
ICSA,2011-10-15,395000
ICSA,2011-10-22,403000
ICSA,2011-10-29,399000
ICSA,2011-11-05,392000
ICSA,2011-11-12,383000
ICSA,2011-11-19,385000
ICSA,2011-11-26,397000
ICSA,2011-12-03,387000
ICSA,2011-12-10,368000
ICSA,2011-12-17,368000
ICSA,2011-12-24,386000
ICSA,2011-12-31,376000
ICSA,2012-01-07,391000
ICSA,2012-01-14,367000
ICSA,2012-01-21,381000
ICSA,2012-01-28,372000
ICSA,2012-02-04,368000
ICSA,2012-02-11,361000
ICSA,2012-02-18,359000
ICSA,2012-02-25,365000
ICSA,2012-03-03,375000
ICSA,2012-03-10,369000
ICSA,2012-03-17,368000
ICSA,2012-03-24,363000
ICSA,2012-03-31,358000
ICSA,2012-04-07,387000
ICSA,2012-04-14,381000
ICSA,2012-04-21,387000
ICSA,2012-04-28,372000
ICSA,2012-05-05,373000
ICSA,2012-05-12,369000
ICSA,2012-05-19,371000
ICSA,2012-05-26,381000
ICSA,2012-06-02,377000
ICSA,2012-06-09,383000
ICSA,2012-06-16,384000
ICSA,2012-06-23,380000
ICSA,2012-06-30,372000
ICSA,2012-07-07,360000
ICSA,2012-07-14,390000
ICSA,2012-07-21,368000
ICSA,2012-07-28,372000
ICSA,2012-08-04,371000
ICSA,2012-08-11,369000
ICSA,2012-08-18,376000
ICSA,2012-08-25,377000
ICSA,2012-09-01,371000
ICSA,2012-09-08,393000
ICSA,2012-09-15,392000
ICSA,2012-09-22,377000
ICSA,2012-09-29,376000
ICSA,2012-10-06,350000
ICSA,2012-10-13,386000
ICSA,2012-10-20,374000
ICSA,2012-10-27,364000
ICSA,2012-11-03,365000
ICSA,2012-11-10,446000
ICSA,2012-11-17,406000
ICSA,2012-11-24,388000
ICSA,2012-12-01,375000
ICSA,2012-12-08,340000
ICSA,2012-12-15,356000
ICSA,2012-12-22,362000
ICSA,2012-12-29,362000
ICSA,2013-01-05,363000
ICSA,2013-01-12,344000
ICSA,2013-01-19,339000
ICSA,2013-01-26,366000
ICSA,2013-02-02,361000
ICSA,2013-02-09,347000
ICSA,2013-02-16,362000
ICSA,2013-02-23,342000
ICSA,2013-03-02,340000
ICSA,2013-03-09,343000
ICSA,2013-03-16,343000
ICSA,2013-03-23,358000
ICSA,2013-03-30,375000
ICSA,2013-04-06,359000
ICSA,2013-04-13,356000
ICSA,2013-04-20,343000
ICSA,2013-04-27,331000
ICSA,2013-05-04,335000
ICSA,2013-05-11,360000
ICSA,2013-05-18,343000
ICSA,2013-05-25,353000
ICSA,2013-06-01,346000
ICSA,2013-06-08,337000
ICSA,2013-06-15,353000
ICSA,2013-06-22,347000
ICSA,2013-06-29,340000
ICSA,2013-07-06,351000
ICSA,2013-07-13,344000
ICSA,2013-07-20,355000
ICSA,2013-07-27,334000
ICSA,2013-08-03,339000
ICSA,2013-08-10,327000
ICSA,2013-08-17,340000
ICSA,2013-08-24,336000
ICSA,2013-08-31,325000
ICSA,2013-09-07,300000
ICSA,2013-09-14,323000
ICSA,2013-09-21,314000
ICSA,2013-09-28,319000
ICSA,2013-10-05,368000
ICSA,2013-10-12,368000
ICSA,2013-10-19,351000
ICSA,2013-10-26,347000
ICSA,2013-11-02,342000
ICSA,2013-11-09,340000
ICSA,2013-11-16,331000
ICSA,2013-11-23,316000
ICSA,2013-11-30,312000
ICSA,2013-12-07,354000
ICSA,2013-12-14,364000
ICSA,2013-12-21,334000
ICSA,2013-12-28,332000
ICSA,2014-01-04,322000
ICSA,2014-01-11,318000
ICSA,2014-01-18,327000
ICSA,2014-01-25,340000
ICSA,2014-02-01,331000
ICSA,2014-02-08,337000
ICSA,2014-02-15,332000
ICSA,2014-02-22,341000
ICSA,2014-03-01,319000
ICSA,2014-03-08,322000
ICSA,2014-03-15,321000
ICSA,2014-03-22,313000
ICSA,2014-03-29,330000
ICSA,2014-04-05,311000
ICSA,2014-04-12,308000
ICSA,2014-04-19,327000
ICSA,2014-04-26,345000
ICSA,2014-05-03,325000
ICSA,2014-05-10,303000
ICSA,2014-05-17,324000
ICSA,2014-05-24,305000
ICSA,2014-05-31,312000
ICSA,2014-06-07,317000
ICSA,2014-06-14,314000
ICSA,2014-06-21,315000
ICSA,2014-06-28,308000
ICSA,2014-07-05,302000
ICSA,2014-07-12,308000
ICSA,2014-07-19,294000
ICSA,2014-07-26,303000
ICSA,2014-08-02,295000
ICSA,2014-08-09,309000
ICSA,2014-08-16,303000
ICSA,2014-08-23,300000
ICSA,2014-08-30,303000
ICSA,2014-09-06,307000
ICSA,2014-09-13,288000
ICSA,2014-09-20,295000
ICSA,2014-09-27,290000
ICSA,2014-10-04,293000
ICSA,2014-10-11,281000
ICSA,2014-10-18,290000
ICSA,2014-10-25,291000
ICSA,2014-11-01,280000
ICSA,2014-11-08,291000
ICSA,2014-11-15,293000
ICSA,2014-11-22,303000
ICSA,2014-11-29,291000
ICSA,2014-12-06,291000
ICSA,2014-12-13,286000
ICSA,2014-12-20,276000
ICSA,2014-12-27,285000
ICSA,2015-01-03,294000
ICSA,2015-01-10,304000
ICSA,2015-01-17,298000
ICSA,2015-01-24,261000
ICSA,2015-01-31,281000
ICSA,2015-02-07,298000
ICSA,2015-02-14,285000
ICSA,2015-02-21,305000
ICSA,2015-02-28,317000
ICSA,2015-03-07,293000
ICSA,2015-03-14,290000
ICSA,2015-03-21,284000
ICSA,2015-03-28,269000
ICSA,2015-04-04,282000
ICSA,2015-04-11,298000
ICSA,2015-04-18,295000
ICSA,2015-04-25,269000
ICSA,2015-05-02,267000
ICSA,2015-05-09,271000
ICSA,2015-05-16,276000
ICSA,2015-05-23,281000
ICSA,2015-05-30,275000
ICSA,2015-06-06,278000
ICSA,2015-06-13,269000
ICSA,2015-06-20,273000
ICSA,2015-06-27,275000
ICSA,2015-07-04,292000
ICSA,2015-07-11,285000
ICSA,2015-07-18,265000
ICSA,2015-07-25,269000
ICSA,2015-08-01,270000
ICSA,2015-08-08,274000
ICSA,2015-08-15,279000
ICSA,2015-08-22,274000
ICSA,2015-08-29,279000
ICSA,2015-09-05,273000
ICSA,2015-09-12,264000
ICSA,2015-09-19,269000
ICSA,2015-09-26,272000
ICSA,2015-10-03,267000
ICSA,2015-10-10,265000
ICSA,2015-10-17,264000
ICSA,2015-10-24,264000
ICSA,2015-10-31,275000
ICSA,2015-11-07,276000
ICSA,2015-11-14,272000
ICSA,2015-11-21,261000
ICSA,2015-11-28,265000
ICSA,2015-12-05,280000
ICSA,2015-12-12,268000
ICSA,2015-12-19,260000
ICSA,2015-12-26,276000
ICSA,2016-01-02,273000
ICSA,2016-01-09,284000
ICSA,2016-01-16,290000
ICSA,2016-01-23,269000
ICSA,2016-01-30,281000
ICSA,2016-02-06,265000
ICSA,2016-02-13,263000
ICSA,2016-02-20,272000
ICSA,2016-02-27,269000
ICSA,2016-03-05,257000
ICSA,2016-03-12,263000
ICSA,2016-03-19,264000
ICSA,2016-03-26,273000
ICSA,2016-04-02,272000
ICSA,2016-04-09,263000
ICSA,2016-04-16,255000
ICSA,2016-04-23,259000
ICSA,2016-04-30,277000
ICSA,2016-05-07,290000
ICSA,2016-05-14,279000
ICSA,2016-05-21,268000
ICSA,2016-05-28,264000
ICSA,2016-06-04,265000
ICSA,2016-06-11,273000
ICSA,2016-06-18,261000
ICSA,2016-06-25,262000
ICSA,2016-07-02,256000
ICSA,2016-07-09,257000
ICSA,2016-07-16,260000
ICSA,2016-07-23,264000
ICSA,2016-07-30,266000
ICSA,2016-08-06,266000
ICSA,2016-08-13,265000
ICSA,2016-08-20,265000
ICSA,2016-08-27,262000
ICSA,2016-09-03,257000
ICSA,2016-09-10,253000
ICSA,2016-09-17,252000
ICSA,2016-09-24,247000
ICSA,2016-10-01,246000
ICSA,2016-10-08,251000
ICSA,2016-10-15,264000
ICSA,2016-10-22,257000
ICSA,2016-10-29,265000
ICSA,2016-11-05,251000
ICSA,2016-11-12,232000
ICSA,2016-11-19,248000
ICSA,2016-11-26,260000
ICSA,2016-12-03,252000
ICSA,2016-12-10,251000
ICSA,2016-12-17,262000
ICSA,2016-12-24,254000
ICSA,2016-12-31,236000
ICSA,2017-01-07,244000
ICSA,2017-01-14,246000
ICSA,2017-01-21,256000
ICSA,2017-01-28,241000
ICSA,2017-02-04,236000
ICSA,2017-02-11,242000
ICSA,2017-02-18,247000
ICSA,2017-02-25,232000
ICSA,2017-03-04,246000
ICSA,2017-03-11,244000
ICSA,2017-03-18,255000
ICSA,2017-03-25,256000
ICSA,2017-04-01,236000
ICSA,2017-04-08,237000
ICSA,2017-04-15,244000
ICSA,2017-04-22,251000
ICSA,2017-04-29,241000
ICSA,2017-05-06,237000
ICSA,2017-05-13,237000
ICSA,2017-05-20,234000
ICSA,2017-05-27,251000
ICSA,2017-06-03,244000
ICSA,2017-06-10,238000
ICSA,2017-06-17,243000
ICSA,2017-06-24,237000
ICSA,2017-07-01,248000
ICSA,2017-07-08,248000
ICSA,2017-07-15,241000
ICSA,2017-07-22,245000
ICSA,2017-07-29,242000
ICSA,2017-08-05,246000
ICSA,2017-08-12,236000
ICSA,2017-08-19,241000
ICSA,2017-08-26,239000
ICSA,2017-09-02,299000
ICSA,2017-09-09,275000
ICSA,2017-09-16,260000
ICSA,2017-09-23,262000
ICSA,2017-09-30,255000
ICSA,2017-10-07,246000
ICSA,2017-10-14,232000
ICSA,2017-10-21,236000
ICSA,2017-10-28,235000
ICSA,2017-11-04,240000
ICSA,2017-11-11,246000
ICSA,2017-11-18,238000
ICSA,2017-11-25,237000
ICSA,2017-12-02,235000
ICSA,2017-12-09,226000
ICSA,2017-12-16,242000
ICSA,2017-12-23,242000
ICSA,2017-12-30,243000
ICSA,2018-01-06,251000
ICSA,2018-01-13,229000
ICSA,2018-01-20,237000
ICSA,2018-01-27,221000
ICSA,2018-02-03,221000
ICSA,2018-02-10,224000
ICSA,2018-02-17,220000
ICSA,2018-02-24,215000
ICSA,2018-03-03,226000
ICSA,2018-03-10,223000
ICSA,2018-03-17,224000
ICSA,2018-03-24,220000
ICSA,2018-03-31,237000
ICSA,2018-04-07,234000
ICSA,2018-04-14,235000
ICSA,2018-04-21,207000
ICSA,2018-04-28,212000
ICSA,2018-05-05,210000
ICSA,2018-05-12,224000
ICSA,2018-05-19,230000
ICSA,2018-05-26,221000
ICSA,2018-06-02,221000
ICSA,2018-06-09,218000
ICSA,2018-06-16,220000
ICSA,2018-06-23,220000
ICSA,2018-06-30,228000
ICSA,2018-07-07,215000
ICSA,2018-07-14,212000
ICSA,2018-07-21,220000
ICSA,2018-07-28,218000
ICSA,2018-08-04,218000
ICSA,2018-08-11,213000
ICSA,2018-08-18,216000
ICSA,2018-08-25,214000
ICSA,2018-09-01,210000
ICSA,2018-09-08,211000
ICSA,2018-09-15,213000
ICSA,2018-09-22,212000
ICSA,2018-09-29,217000
ICSA,2018-10-06,213000
ICSA,2018-10-13,213000
ICSA,2018-10-20,219000
ICSA,2018-10-27,217000
ICSA,2018-11-03,217000
ICSA,2018-11-10,218000
ICSA,2018-11-17,222000
ICSA,2018-11-24,232000
ICSA,2018-12-01,232000
ICSA,2018-12-08,203000
ICSA,2018-12-15,216000
ICSA,2018-12-22,219000
ICSA,2018-12-29,228000
ICSA,2019-01-05,220000
ICSA,2019-01-12,216000
ICSA,2019-01-19,209000
ICSA,2019-01-26,236000
ICSA,2019-02-02,230000
ICSA,2019-02-09,228000
ICSA,2019-02-16,218000
ICSA,2019-02-23,224000
ICSA,2019-03-02,220000
ICSA,2019-03-09,224000
ICSA,2019-03-16,219000
ICSA,2019-03-23,215000
ICSA,2019-03-30,211000
ICSA,2019-04-06,203000
ICSA,2019-04-13,203000
ICSA,2019-04-20,226000
ICSA,2019-04-27,230000
ICSA,2019-05-04,225000
ICSA,2019-05-11,217000
ICSA,2019-05-18,213000
ICSA,2019-05-25,218000
ICSA,2019-06-01,220000
ICSA,2019-06-08,220000
ICSA,2019-06-15,219000
ICSA,2019-06-22,224000
ICSA,2019-06-29,222000
ICSA,2019-07-06,211000
ICSA,2019-07-13,217000
ICSA,2019-07-20,211000
ICSA,2019-07-27,216000
ICSA,2019-08-03,214000
ICSA,2019-08-10,218000
ICSA,2019-08-17,215000
ICSA,2019-08-24,215000
ICSA,2019-08-31,219000
ICSA,2019-09-07,208000
ICSA,2019-09-14,211000
ICSA,2019-09-21,215000
ICSA,2019-09-28,218000
ICSA,2019-10-05,212000
ICSA,2019-10-12,218000
ICSA,2019-10-19,213000
ICSA,2019-10-26,217000
ICSA,2019-11-02,212000
ICSA,2019-11-09,222000
ICSA,2019-11-16,223000
ICSA,2019-11-23,211000
ICSA,2019-11-30,206000
ICSA,2019-12-07,237000
ICSA,2019-12-14,229000
ICSA,2019-12-21,218000
ICSA,2019-12-28,220000
ICSA,2020-01-04,212000
ICSA,2020-01-11,207000
ICSA,2020-01-18,220000
ICSA,2020-01-25,212000
ICSA,2020-02-01,201000
ICSA,2020-02-08,204000
ICSA,2020-02-15,215000
ICSA,2020-02-22,220000
ICSA,2020-02-29,217000
ICSA,2020-03-07,211000
ICSA,2020-03-14,282000
ICSA,2020-03-21,3307000
ICSA,2020-03-28,6867000
ICSA,2020-04-04,6615000
ICSA,2020-04-11,5237000
ICSA,2020-04-18,4442000
ICSA,2020-04-25,3867000
ICSA,2020-05-02,3176000
ICSA,2020-05-09,2687000
ICSA,2020-05-16,2438000
FPCPITOTLZGUSA,1990-01-01,5.39795643990322
FPCPITOTLZGUSA,1991-01-01,4.23496396453853
FPCPITOTLZGUSA,1992-01-01,3.0288196781497
FPCPITOTLZGUSA,1993-01-01,2.95165696638554
FPCPITOTLZGUSA,1994-01-01,2.6074415921546
FPCPITOTLZGUSA,1995-01-01,2.80541968853655
FPCPITOTLZGUSA,1996-01-01,2.9312041999344
FPCPITOTLZGUSA,1997-01-01,2.33768993730741
FPCPITOTLZGUSA,1998-01-01,1.55227909874362
FPCPITOTLZGUSA,1999-01-01,2.18802719697358
FPCPITOTLZGUSA,2000-01-01,3.37685727149935
FPCPITOTLZGUSA,2001-01-01,2.82617111885402
FPCPITOTLZGUSA,2002-01-01,1.58603162650603
FPCPITOTLZGUSA,2003-01-01,2.27009497336113
FPCPITOTLZGUSA,2004-01-01,2.67723669309173
FPCPITOTLZGUSA,2005-01-01,3.39274684549547
FPCPITOTLZGUSA,2006-01-01,3.22594410070407
FPCPITOTLZGUSA,2007-01-01,2.85267248150136
FPCPITOTLZGUSA,2008-01-01,3.83910029665101
FPCPITOTLZGUSA,2009-01-01,-0.35554626629975
FPCPITOTLZGUSA,2010-01-01,1.64004344238989
FPCPITOTLZGUSA,2011-01-01,3.15684156862206
FPCPITOTLZGUSA,2012-01-01,2.06933726526059
FPCPITOTLZGUSA,2013-01-01,1.46483265562714
FPCPITOTLZGUSA,2014-01-01,1.62222297740821
FPCPITOTLZGUSA,2015-01-01,0.118627135552435
FPCPITOTLZGUSA,2016-01-01,1.26158320570537
FPCPITOTLZGUSA,2017-01-01,2.13011000365963
FPCPITOTLZGUSA,2018-01-01,2.44258329692818
FPCPITOTLZGUSA,2019-01-01,1.81221007526015
UNRATE,1990-01-01,5.4
UNRATE,1990-02-01,5.3
UNRATE,1990-03-01,5.2
UNRATE,1990-04-01,5.4
UNRATE,1990-05-01,5.4
UNRATE,1990-06-01,5.2
UNRATE,1990-07-01,5.5
UNRATE,1990-08-01,5.7
UNRATE,1990-09-01,5.9
UNRATE,1990-10-01,5.9
UNRATE,1990-11-01,6.2
UNRATE,1990-12-01,6.3
UNRATE,1991-01-01,6.4
UNRATE,1991-02-01,6.6
UNRATE,1991-03-01,6.8
UNRATE,1991-04-01,6.7
UNRATE,1991-05-01,6.9
UNRATE,1991-06-01,6.9
UNRATE,1991-07-01,6.8
UNRATE,1991-08-01,6.9
UNRATE,1991-09-01,6.9
UNRATE,1991-10-01,7
UNRATE,1991-11-01,7
UNRATE,1991-12-01,7.3
UNRATE,1992-01-01,7.3
UNRATE,1992-02-01,7.4
UNRATE,1992-03-01,7.4
UNRATE,1992-04-01,7.4
UNRATE,1992-05-01,7.6
UNRATE,1992-06-01,7.8
UNRATE,1992-07-01,7.7
UNRATE,1992-08-01,7.6
UNRATE,1992-09-01,7.6
UNRATE,1992-10-01,7.3
UNRATE,1992-11-01,7.4
UNRATE,1992-12-01,7.4
UNRATE,1993-01-01,7.3
UNRATE,1993-02-01,7.1
UNRATE,1993-03-01,7
UNRATE,1993-04-01,7.1
UNRATE,1993-05-01,7.1
UNRATE,1993-06-01,7
UNRATE,1993-07-01,6.9
UNRATE,1993-08-01,6.8
UNRATE,1993-09-01,6.7
UNRATE,1993-10-01,6.8
UNRATE,1993-11-01,6.6
UNRATE,1993-12-01,6.5
UNRATE,1994-01-01,6.6
UNRATE,1994-02-01,6.6
UNRATE,1994-03-01,6.5
UNRATE,1994-04-01,6.4
UNRATE,1994-05-01,6.1
UNRATE,1994-06-01,6.1
UNRATE,1994-07-01,6.1
UNRATE,1994-08-01,6
UNRATE,1994-09-01,5.9
UNRATE,1994-10-01,5.8
UNRATE,1994-11-01,5.6
UNRATE,1994-12-01,5.5
UNRATE,1995-01-01,5.6
UNRATE,1995-02-01,5.4
UNRATE,1995-03-01,5.4
UNRATE,1995-04-01,5.8
UNRATE,1995-05-01,5.6
UNRATE,1995-06-01,5.6
UNRATE,1995-07-01,5.7
UNRATE,1995-08-01,5.7
UNRATE,1995-09-01,5.6
UNRATE,1995-10-01,5.5
UNRATE,1995-11-01,5.6
UNRATE,1995-12-01,5.6
UNRATE,1996-01-01,5.6
UNRATE,1996-02-01,5.5
UNRATE,1996-03-01,5.5
UNRATE,1996-04-01,5.6
UNRATE,1996-05-01,5.6
UNRATE,1996-06-01,5.3
UNRATE,1996-07-01,5.5
UNRATE,1996-08-01,5.1
UNRATE,1996-09-01,5.2
UNRATE,1996-10-01,5.2
UNRATE,1996-11-01,5.4
UNRATE,1996-12-01,5.4
UNRATE,1997-01-01,5.3
UNRATE,1997-02-01,5.2
UNRATE,1997-03-01,5.2
UNRATE,1997-04-01,5.1
UNRATE,1997-05-01,4.9
UNRATE,1997-06-01,5
UNRATE,1997-07-01,4.9
UNRATE,1997-08-01,4.8
UNRATE,1997-09-01,4.9
UNRATE,1997-10-01,4.7
UNRATE,1997-11-01,4.6
UNRATE,1997-12-01,4.7
UNRATE,1998-01-01,4.6
UNRATE,1998-02-01,4.6
UNRATE,1998-03-01,4.7
UNRATE,1998-04-01,4.3
UNRATE,1998-05-01,4.4
UNRATE,1998-06-01,4.5
UNRATE,1998-07-01,4.5
UNRATE,1998-08-01,4.5
UNRATE,1998-09-01,4.6
UNRATE,1998-10-01,4.5
UNRATE,1998-11-01,4.4
UNRATE,1998-12-01,4.4
UNRATE,1999-01-01,4.3
UNRATE,1999-02-01,4.4
UNRATE,1999-03-01,4.2
UNRATE,1999-04-01,4.3
UNRATE,1999-05-01,4.2
UNRATE,1999-06-01,4.3
UNRATE,1999-07-01,4.3
UNRATE,1999-08-01,4.2
UNRATE,1999-09-01,4.2
UNRATE,1999-10-01,4.1
UNRATE,1999-11-01,4.1
UNRATE,1999-12-01,4
UNRATE,2000-01-01,4
UNRATE,2000-02-01,4.1
UNRATE,2000-03-01,4
UNRATE,2000-04-01,3.8
UNRATE,2000-05-01,4
UNRATE,2000-06-01,4
UNRATE,2000-07-01,4
UNRATE,2000-08-01,4.1
UNRATE,2000-09-01,3.9
UNRATE,2000-10-01,3.9
UNRATE,2000-11-01,3.9
UNRATE,2000-12-01,3.9
UNRATE,2001-01-01,4.2
UNRATE,2001-02-01,4.2
UNRATE,2001-03-01,4.3
UNRATE,2001-04-01,4.4
UNRATE,2001-05-01,4.3
UNRATE,2001-06-01,4.5
UNRATE,2001-07-01,4.6
UNRATE,2001-08-01,4.9
UNRATE,2001-09-01,5
UNRATE,2001-10-01,5.3
UNRATE,2001-11-01,5.5
UNRATE,2001-12-01,5.7
UNRATE,2002-01-01,5.7
UNRATE,2002-02-01,5.7
UNRATE,2002-03-01,5.7
UNRATE,2002-04-01,5.9
UNRATE,2002-05-01,5.8
UNRATE,2002-06-01,5.8
UNRATE,2002-07-01,5.8
UNRATE,2002-08-01,5.7
UNRATE,2002-09-01,5.7
UNRATE,2002-10-01,5.7
UNRATE,2002-11-01,5.9
UNRATE,2002-12-01,6
UNRATE,2003-01-01,5.8
UNRATE,2003-02-01,5.9
UNRATE,2003-03-01,5.9
UNRATE,2003-04-01,6
UNRATE,2003-05-01,6.1
UNRATE,2003-06-01,6.3
UNRATE,2003-07-01,6.2
UNRATE,2003-08-01,6.1
UNRATE,2003-09-01,6.1
UNRATE,2003-10-01,6
UNRATE,2003-11-01,5.8
UNRATE,2003-12-01,5.7
UNRATE,2004-01-01,5.7
UNRATE,2004-02-01,5.6
UNRATE,2004-03-01,5.8
UNRATE,2004-04-01,5.6
UNRATE,2004-05-01,5.6
UNRATE,2004-06-01,5.6
UNRATE,2004-07-01,5.5
UNRATE,2004-08-01,5.4
UNRATE,2004-09-01,5.4
UNRATE,2004-10-01,5.5
UNRATE,2004-11-01,5.4
UNRATE,2004-12-01,5.4
UNRATE,2005-01-01,5.3
UNRATE,2005-02-01,5.4
UNRATE,2005-03-01,5.2
UNRATE,2005-04-01,5.2
UNRATE,2005-05-01,5.1
UNRATE,2005-06-01,5
UNRATE,2005-07-01,5
UNRATE,2005-08-01,4.9
UNRATE,2005-09-01,5
UNRATE,2005-10-01,5
UNRATE,2005-11-01,5
UNRATE,2005-12-01,4.9
UNRATE,2006-01-01,4.7
UNRATE,2006-02-01,4.8
UNRATE,2006-03-01,4.7
UNRATE,2006-04-01,4.7
UNRATE,2006-05-01,4.6
UNRATE,2006-06-01,4.6
UNRATE,2006-07-01,4.7
UNRATE,2006-08-01,4.7
UNRATE,2006-09-01,4.5
UNRATE,2006-10-01,4.4
UNRATE,2006-11-01,4.5
UNRATE,2006-12-01,4.4
UNRATE,2007-01-01,4.6
UNRATE,2007-02-01,4.5
UNRATE,2007-03-01,4.4
UNRATE,2007-04-01,4.5
UNRATE,2007-05-01,4.4
UNRATE,2007-06-01,4.6
UNRATE,2007-07-01,4.7
UNRATE,2007-08-01,4.6
UNRATE,2007-09-01,4.7
UNRATE,2007-10-01,4.7
UNRATE,2007-11-01,4.7
UNRATE,2007-12-01,5
UNRATE,2008-01-01,5
UNRATE,2008-02-01,4.9
UNRATE,2008-03-01,5.1
UNRATE,2008-04-01,5
UNRATE,2008-05-01,5.4
UNRATE,2008-06-01,5.6
UNRATE,2008-07-01,5.8
UNRATE,2008-08-01,6.1
UNRATE,2008-09-01,6.1
UNRATE,2008-10-01,6.5
UNRATE,2008-11-01,6.8
UNRATE,2008-12-01,7.3
UNRATE,2009-01-01,7.8
UNRATE,2009-02-01,8.3
UNRATE,2009-03-01,8.7
UNRATE,2009-04-01,9
UNRATE,2009-05-01,9.4
UNRATE,2009-06-01,9.5
UNRATE,2009-07-01,9.5
UNRATE,2009-08-01,9.6
UNRATE,2009-09-01,9.8
UNRATE,2009-10-01,10
UNRATE,2009-11-01,9.9
UNRATE,2009-12-01,9.9
UNRATE,2010-01-01,9.8
UNRATE,2010-02-01,9.8
UNRATE,2010-03-01,9.9
UNRATE,2010-04-01,9.9
UNRATE,2010-05-01,9.6
UNRATE,2010-06-01,9.4
UNRATE,2010-07-01,9.4
UNRATE,2010-08-01,9.5
UNRATE,2010-09-01,9.5
UNRATE,2010-10-01,9.4
UNRATE,2010-11-01,9.8
UNRATE,2010-12-01,9.3
UNRATE,2011-01-01,9.1
UNRATE,2011-02-01,9
UNRATE,2011-03-01,9
UNRATE,2011-04-01,9.1
UNRATE,2011-05-01,9
UNRATE,2011-06-01,9.1
UNRATE,2011-07-01,9
UNRATE,2011-08-01,9
UNRATE,2011-09-01,9
UNRATE,2011-10-01,8.8
UNRATE,2011-11-01,8.6
UNRATE,2011-12-01,8.5
UNRATE,2012-01-01,8.3
UNRATE,2012-02-01,8.3
UNRATE,2012-03-01,8.2
UNRATE,2012-04-01,8.2
UNRATE,2012-05-01,8.2
UNRATE,2012-06-01,8.2
UNRATE,2012-07-01,8.2
UNRATE,2012-08-01,8.1
UNRATE,2012-09-01,7.8
UNRATE,2012-10-01,7.8
UNRATE,2012-11-01,7.7
UNRATE,2012-12-01,7.9
UNRATE,2013-01-01,8
UNRATE,2013-02-01,7.7
UNRATE,2013-03-01,7.5
UNRATE,2013-04-01,7.6
UNRATE,2013-05-01,7.5
UNRATE,2013-06-01,7.5
UNRATE,2013-07-01,7.3
UNRATE,2013-08-01,7.2
UNRATE,2013-09-01,7.2
UNRATE,2013-10-01,7.2
UNRATE,2013-11-01,6.9
UNRATE,2013-12-01,6.7
UNRATE,2014-01-01,6.6
UNRATE,2014-02-01,6.7
UNRATE,2014-03-01,6.7
UNRATE,2014-04-01,6.2
UNRATE,2014-05-01,6.3
UNRATE,2014-06-01,6.1
UNRATE,2014-07-01,6.2
UNRATE,2014-08-01,6.1
UNRATE,2014-09-01,5.9
UNRATE,2014-10-01,5.7
UNRATE,2014-11-01,5.8
UNRATE,2014-12-01,5.6
UNRATE,2015-01-01,5.7
UNRATE,2015-02-01,5.5
UNRATE,2015-03-01,5.4
UNRATE,2015-04-01,5.4
UNRATE,2015-05-01,5.6
UNRATE,2015-06-01,5.3
UNRATE,2015-07-01,5.2
UNRATE,2015-08-01,5.1
UNRATE,2015-09-01,5
UNRATE,2015-10-01,5
UNRATE,2015-11-01,5.1
UNRATE,2015-12-01,5
UNRATE,2016-01-01,4.9
UNRATE,2016-02-01,4.9
UNRATE,2016-03-01,5
UNRATE,2016-04-01,5
UNRATE,2016-05-01,4.8
UNRATE,2016-06-01,4.9
UNRATE,2016-07-01,4.8
UNRATE,2016-08-01,4.9
UNRATE,2016-09-01,5
UNRATE,2016-10-01,4.9
UNRATE,2016-11-01,4.7
UNRATE,2016-12-01,4.7
UNRATE,2017-01-01,4.7
UNRATE,2017-02-01,4.6
UNRATE,2017-03-01,4.4
UNRATE,2017-04-01,4.4
UNRATE,2017-05-01,4.4
UNRATE,2017-06-01,4.3
UNRATE,2017-07-01,4.3
UNRATE,2017-08-01,4.4
UNRATE,2017-09-01,4.2
UNRATE,2017-10-01,4.1
UNRATE,2017-11-01,4.2
UNRATE,2017-12-01,4.1
UNRATE,2018-01-01,4.1
UNRATE,2018-02-01,4.1
UNRATE,2018-03-01,4
UNRATE,2018-04-01,4
UNRATE,2018-05-01,3.8
UNRATE,2018-06-01,4
UNRATE,2018-07-01,3.8
UNRATE,2018-08-01,3.8
UNRATE,2018-09-01,3.7
UNRATE,2018-10-01,3.8
UNRATE,2018-11-01,3.7
UNRATE,2018-12-01,3.9
UNRATE,2019-01-01,4
UNRATE,2019-02-01,3.8
UNRATE,2019-03-01,3.8
UNRATE,2019-04-01,3.6
UNRATE,2019-05-01,3.6
UNRATE,2019-06-01,3.7
UNRATE,2019-07-01,3.7
UNRATE,2019-08-01,3.7
UNRATE,2019-09-01,3.5
UNRATE,2019-10-01,3.6
UNRATE,2019-11-01,3.5
UNRATE,2019-12-01,3.5
UNRATE,2020-01-01,3.6
UNRATE,2020-02-01,3.5
UNRATE,2020-03-01,4.4
UNRATE,2020-04-01,14.7
USREC,1990-01-01,0
USREC,1990-02-01,0
USREC,1990-03-01,0
USREC,1990-04-01,0
USREC,1990-05-01,0
USREC,1990-06-01,0
USREC,1990-07-01,0
USREC,1990-08-01,1
USREC,1990-09-01,1
USREC,1990-10-01,1
USREC,1990-11-01,1
USREC,1990-12-01,1
USREC,1991-01-01,1
USREC,1991-02-01,1
USREC,1991-03-01,1
USREC,1991-04-01,0
USREC,1991-05-01,0
USREC,1991-06-01,0
USREC,1991-07-01,0
USREC,1991-08-01,0
USREC,1991-09-01,0
USREC,1991-10-01,0
USREC,1991-11-01,0
USREC,1991-12-01,0
USREC,1992-01-01,0
USREC,1992-02-01,0
USREC,1992-03-01,0
USREC,1992-04-01,0
USREC,1992-05-01,0
USREC,1992-06-01,0
USREC,1992-07-01,0
USREC,1992-08-01,0
USREC,1992-09-01,0
USREC,1992-10-01,0
USREC,1992-11-01,0
USREC,1992-12-01,0
USREC,1993-01-01,0
USREC,1993-02-01,0
USREC,1993-03-01,0
USREC,1993-04-01,0
USREC,1993-05-01,0
USREC,1993-06-01,0
USREC,1993-07-01,0
USREC,1993-08-01,0
USREC,1993-09-01,0
USREC,1993-10-01,0
USREC,1993-11-01,0
USREC,1993-12-01,0
USREC,1994-01-01,0
USREC,1994-02-01,0
USREC,1994-03-01,0
USREC,1994-04-01,0
USREC,1994-05-01,0
USREC,1994-06-01,0
USREC,1994-07-01,0
USREC,1994-08-01,0
USREC,1994-09-01,0
USREC,1994-10-01,0
USREC,1994-11-01,0
USREC,1994-12-01,0
USREC,1995-01-01,0
USREC,1995-02-01,0
USREC,1995-03-01,0
USREC,1995-04-01,0
USREC,1995-05-01,0
USREC,1995-06-01,0
USREC,1995-07-01,0
USREC,1995-08-01,0
USREC,1995-09-01,0
USREC,1995-10-01,0
USREC,1995-11-01,0
USREC,1995-12-01,0
USREC,1996-01-01,0
USREC,1996-02-01,0
USREC,1996-03-01,0
USREC,1996-04-01,0
USREC,1996-05-01,0
USREC,1996-06-01,0
USREC,1996-07-01,0
USREC,1996-08-01,0
USREC,1996-09-01,0
USREC,1996-10-01,0
USREC,1996-11-01,0
USREC,1996-12-01,0
USREC,1997-01-01,0
USREC,1997-02-01,0
USREC,1997-03-01,0
USREC,1997-04-01,0
USREC,1997-05-01,0
USREC,1997-06-01,0
USREC,1997-07-01,0
USREC,1997-08-01,0
USREC,1997-09-01,0
USREC,1997-10-01,0
USREC,1997-11-01,0
USREC,1997-12-01,0
USREC,1998-01-01,0
USREC,1998-02-01,0
USREC,1998-03-01,0
USREC,1998-04-01,0
USREC,1998-05-01,0
USREC,1998-06-01,0
USREC,1998-07-01,0
USREC,1998-08-01,0
USREC,1998-09-01,0
USREC,1998-10-01,0
USREC,1998-11-01,0
USREC,1998-12-01,0
USREC,1999-01-01,0
USREC,1999-02-01,0
USREC,1999-03-01,0
USREC,1999-04-01,0
USREC,1999-05-01,0
USREC,1999-06-01,0
USREC,1999-07-01,0
USREC,1999-08-01,0
USREC,1999-09-01,0
USREC,1999-10-01,0
USREC,1999-11-01,0
USREC,1999-12-01,0
USREC,2000-01-01,0
USREC,2000-02-01,0
USREC,2000-03-01,0
USREC,2000-04-01,0
USREC,2000-05-01,0
USREC,2000-06-01,0
USREC,2000-07-01,0
USREC,2000-08-01,0
USREC,2000-09-01,0
USREC,2000-10-01,0
USREC,2000-11-01,0
USREC,2000-12-01,0
USREC,2001-01-01,0
USREC,2001-02-01,0
USREC,2001-03-01,0
USREC,2001-04-01,1
USREC,2001-05-01,1
USREC,2001-06-01,1
USREC,2001-07-01,1
USREC,2001-08-01,1
USREC,2001-09-01,1
USREC,2001-10-01,1
USREC,2001-11-01,1
USREC,2001-12-01,0
USREC,2002-01-01,0
USREC,2002-02-01,0
USREC,2002-03-01,0
USREC,2002-04-01,0
USREC,2002-05-01,0
USREC,2002-06-01,0
USREC,2002-07-01,0
USREC,2002-08-01,0
USREC,2002-09-01,0
USREC,2002-10-01,0
USREC,2002-11-01,0
USREC,2002-12-01,0
USREC,2003-01-01,0
USREC,2003-02-01,0
USREC,2003-03-01,0
USREC,2003-04-01,0
USREC,2003-05-01,0
USREC,2003-06-01,0
USREC,2003-07-01,0
USREC,2003-08-01,0
USREC,2003-09-01,0
USREC,2003-10-01,0
USREC,2003-11-01,0
USREC,2003-12-01,0
USREC,2004-01-01,0
USREC,2004-02-01,0
USREC,2004-03-01,0
USREC,2004-04-01,0
USREC,2004-05-01,0
USREC,2004-06-01,0
USREC,2004-07-01,0
USREC,2004-08-01,0
USREC,2004-09-01,0
USREC,2004-10-01,0
USREC,2004-11-01,0
USREC,2004-12-01,0
USREC,2005-01-01,0
USREC,2005-02-01,0
USREC,2005-03-01,0
USREC,2005-04-01,0
USREC,2005-05-01,0
USREC,2005-06-01,0
USREC,2005-07-01,0
USREC,2005-08-01,0
USREC,2005-09-01,0
USREC,2005-10-01,0
USREC,2005-11-01,0
USREC,2005-12-01,0
USREC,2006-01-01,0
USREC,2006-02-01,0
USREC,2006-03-01,0
USREC,2006-04-01,0
USREC,2006-05-01,0
USREC,2006-06-01,0
USREC,2006-07-01,0
USREC,2006-08-01,0
USREC,2006-09-01,0
USREC,2006-10-01,0
USREC,2006-11-01,0
USREC,2006-12-01,0
USREC,2007-01-01,0
USREC,2007-02-01,0
USREC,2007-03-01,0
USREC,2007-04-01,0
USREC,2007-05-01,0
USREC,2007-06-01,0
USREC,2007-07-01,0
USREC,2007-08-01,0
USREC,2007-09-01,0
USREC,2007-10-01,0
USREC,2007-11-01,0
USREC,2007-12-01,0
USREC,2008-01-01,1
USREC,2008-02-01,1
USREC,2008-03-01,1
USREC,2008-04-01,1
USREC,2008-05-01,1
USREC,2008-06-01,1
USREC,2008-07-01,1
USREC,2008-08-01,1
USREC,2008-09-01,1
USREC,2008-10-01,1
USREC,2008-11-01,1
USREC,2008-12-01,1
USREC,2009-01-01,1
USREC,2009-02-01,1
USREC,2009-03-01,1
USREC,2009-04-01,1
USREC,2009-05-01,1
USREC,2009-06-01,1
USREC,2009-07-01,0
USREC,2009-08-01,0
USREC,2009-09-01,0
USREC,2009-10-01,0
USREC,2009-11-01,0
USREC,2009-12-01,0
USREC,2010-01-01,0
USREC,2010-02-01,0
USREC,2010-03-01,0
USREC,2010-04-01,0
USREC,2010-05-01,0
USREC,2010-06-01,0
USREC,2010-07-01,0
USREC,2010-08-01,0
USREC,2010-09-01,0
USREC,2010-10-01,0
USREC,2010-11-01,0
USREC,2010-12-01,0
USREC,2011-01-01,0
USREC,2011-02-01,0
USREC,2011-03-01,0
USREC,2011-04-01,0
USREC,2011-05-01,0
USREC,2011-06-01,0
USREC,2011-07-01,0
USREC,2011-08-01,0
USREC,2011-09-01,0
USREC,2011-10-01,0
USREC,2011-11-01,0
USREC,2011-12-01,0
USREC,2012-01-01,0
USREC,2012-02-01,0
USREC,2012-03-01,0
USREC,2012-04-01,0
USREC,2012-05-01,0
USREC,2012-06-01,0
USREC,2012-07-01,0
USREC,2012-08-01,0
USREC,2012-09-01,0
USREC,2012-10-01,0
USREC,2012-11-01,0
USREC,2012-12-01,0
USREC,2013-01-01,0
USREC,2013-02-01,0
USREC,2013-03-01,0
USREC,2013-04-01,0
USREC,2013-05-01,0
USREC,2013-06-01,0
USREC,2013-07-01,0
USREC,2013-08-01,0
USREC,2013-09-01,0
USREC,2013-10-01,0
USREC,2013-11-01,0
USREC,2013-12-01,0
USREC,2014-01-01,0
USREC,2014-02-01,0
USREC,2014-03-01,0
USREC,2014-04-01,0
USREC,2014-05-01,0
USREC,2014-06-01,0
USREC,2014-07-01,0
USREC,2014-08-01,0
USREC,2014-09-01,0
USREC,2014-10-01,0
USREC,2014-11-01,0
USREC,2014-12-01,0
USREC,2015-01-01,0
USREC,2015-02-01,0
USREC,2015-03-01,0
USREC,2015-04-01,0
USREC,2015-05-01,0
USREC,2015-06-01,0
USREC,2015-07-01,0
USREC,2015-08-01,0
USREC,2015-09-01,0
USREC,2015-10-01,0
USREC,2015-11-01,0
USREC,2015-12-01,0
USREC,2016-01-01,0
USREC,2016-02-01,0
USREC,2016-03-01,0
USREC,2016-04-01,0
USREC,2016-05-01,0
USREC,2016-06-01,0
USREC,2016-07-01,0
USREC,2016-08-01,0
USREC,2016-09-01,0
USREC,2016-10-01,0
USREC,2016-11-01,0
USREC,2016-12-01,0
USREC,2017-01-01,0
USREC,2017-02-01,0
USREC,2017-03-01,0
USREC,2017-04-01,0
USREC,2017-05-01,0
USREC,2017-06-01,0
USREC,2017-07-01,0
USREC,2017-08-01,0
USREC,2017-09-01,0
USREC,2017-10-01,0
USREC,2017-11-01,0
USREC,2017-12-01,0
USREC,2018-01-01,0
USREC,2018-02-01,0
USREC,2018-03-01,0
USREC,2018-04-01,0
USREC,2018-05-01,0
USREC,2018-06-01,0
USREC,2018-07-01,0
USREC,2018-08-01,0
USREC,2018-09-01,0
USREC,2018-10-01,0
USREC,2018-11-01,0
USREC,2018-12-01,0
USREC,2019-01-01,0
USREC,2019-02-01,0
USREC,2019-03-01,0
USREC,2019-04-01,0
USREC,2019-05-01,0
USREC,2019-06-01,0
USREC,2019-07-01,0
USREC,2019-08-01,0
USREC,2019-09-01,0
USREC,2019-10-01,0
USREC,2019-11-01,0
USREC,2019-12-01,0
USREC,2020-01-01,0
USREC,2020-02-01,0
USREC,2020-03-01,0
USREC,2020-04-01,0
